order_id,date,time,order_type,branch_code,order_items,order_price,customer_lat,customer_lon,customerHasloyalty?,distance_to_customer_KM,delivery_fee
ORDK08894,2018-08-18,15:36:20,Lunch,BK,"[('Burger', 2), ('Chicken', 9), ('Steak', 9), ('Fries', 10), ('Salad', 8)]",1012.6,-37.8103255,145.0019927,0,4.0,12.1914101
ORDB03085,2018-03-21,10:32:06,Breakfast,TP,"[('Pancake', 8), ('Eggs', 4)]",282.0,-37.8134507,144.960142,0,8.399,10.7659028
ORDJ00518,2018-06-15,13:24:30,Lunch,TP,"[('Chicken', 7), ('Fries', 6), ('Steak', 2), ('Burger', 9), ('Salad', 1)]",682.2,-37.815448,144.9665703,0,7.976,11.277593
ORDC10767,2018-08-11,15:16:03,Lunch,NS,"[('Salad', 1), ('Steak', 10), ('Fries', 1)]",479.2,-37.8056732,144.9368923,0,9.716,17.8121705
ORDJ02254,2018-12-27,20:00:00,Dinner,TP,"[('Fish&Chips', 1), ('Pasta', 6)]",200.0,-37.8006491,144.9658899,0,9.808,13.4564001
ORDC05385,2018-01-27,08:50:42,Breakfast,NS,"[('Pancake', 2), ('Cereal', 5)]",153.5,-37.799333,144.963155,0,6.892,13.812297
ORDX10346,2018-09-11,16:27:02,Dinner,BK,"[('Fish&Chips', 8), ('Shrimp', 1)]",0.0,-37.8080863,144.9689169,0,6.901,13.7480403
ORDX10241,2018-06-01,12:54:05,Lunch,BK,"[('Chicken', 7), ('Burger', 10), ('Steak', 2), ('Salad', 5), ('Fries', 4)]",758.0,-37.8223544,144.9524944,0,9.007,15.1001665
ORDY05419,2018-06-01,12:54:05,Lunch,TP,"[('Steak', 1), ('Fries', 2), ('Chicken', 5)]",0.0,-37.8030593,144.9500877,0,9.981,13.5411064
ORDI09871,2018-08-04,15:05:54,Lunch,NS,"[('Chicken', 6), ('Salad', 7), ('Burger', 4)]",436.4,-37.8036212,144.9497577,0,8.349,15.6407679
ORDB05595,2018-05-15,12:23:39,Lunch,TP,"[('Burger', 9), ('Steak', 8), ('Chicken', 8), ('Fries', 2)]",919.0,-37.8171566,144.9646434,0,7.653,10.9173772
ORDJ11030,2018-11-08,18:18:35,Dinner,TP,"[('Fish&Chips', 2), ('Salmon', 1), ('Shrimp', 3)]",273.0,-37.8155755,144.9663185,0,7.964,12.2301956
ORDK05513,2018-07-24,14:45:38,Lunch,BK,"[('Chicken', 9), ('Salad', 9), ('Fries', 8)]",538.8,-37.8142055,144.9731113,0,6.97,12.6852327
ORDY08291,2018-04-03,11:02:32,Breakfast,TP,"[('Pancake', 6), ('Eggs', 5), ('Coffee', 3), ('Cereal', 8)]",446.0,-37.8100332,144.9807452,0,9.412,12.4358643
ORDI03593,2018-02-06,09:10:59,Breakfast,NS,"[('Cereal', 1), ('Eggs', 10), ('Pancake', 4)]",338.0,-37.7990439,144.9783346,0,6.983,12.1252306
ORDY08786,2018-11-03,18:08:27,Dinner,TP,"[('Shrimp', 2), ('Salmon', 2)]",190.0,-37.8115439,144.9520653,0,9.11,14.4067234
ORDX03333,2018-02-15,09:31:16,Breakfast,BK,"[('Cereal', 4), ('Eggs', 1), ('Pancake', 2)]",154.5,-37.8075807,144.9577981,0,8.022,13.1430443
ORDY11102,2018-04-03,11:02:32,Breakfast,TP,"[('Coffee', 7), ('Pancake', 2), ('Cereal', 7)]",248.0,-37.8105239,144.9853141,0,9.657,12.3241083
ORDJ06378,2018-11-21,18:49:00,Dinner,TP,"[('Pasta', 3), ('Salmon', 6), ('Shrimp', 1)]",382.5,-37.8193063,144.9897682,0,9.706,13.4818347
ORDY01552,2018-04-23,11:43:05,Breakfast,TP,"[('Cereal', 3), ('Eggs', 10), ('Pancake', 9)]",0.0,-37.8194809,144.9521545,0,8.63,11.0552004
ORDZ00092,2018-03-17,10:21:58,Breakfast,NS,"[('Pancake', 6), ('Coffee', 1)]",153.0,-37.8188604,144.9589458,0,8.905,16.0793748
ORDC09012,2018-12-16,19:29:34,Dinner,NS,"[('Fish&Chips', 9), ('Shrimp', 6)]",639.0,-37.8243787,144.9442891,0,10.514,18.5350741
ORDJ11100,2018-11-19,18:38:52,Dinner,TP,"[('Pasta', 10), ('Shrimp', 9), ('Fish&Chips', 5)]",936.0,-37.8118512,145.0089974,0,11.799,15.2958038
ORDI02560,2018-09-02,16:06:45,Dinner,NS,"[('Pasta', 1), ('Shrimp', 1), ('Fish&Chips', 6)]",291.5,-37.8136525,144.9370198,0,9.901,17.6898077
ORDK02310,2018-01-06,08:00:00,Breakfast,BK,"[('Eggs', 5), ('Pancake', 1), ('Cereal', 7)]",281.25,-37.8123454,144.9368391,1,10.215,9.1667325
ORDC03917,2018-12-05,19:09:17,Dinner,NS,"[('Fish&Chips', 7), ('Pasta', 1), ('Shrimp', 7), ('Salmon', 9)]",1019.5,-37.822562,144.9582048,0,9.426,15.0532352
ORDK09746,2018-03-10,10:11:49,Breakfast,BK,"[('Pancake', 3), ('Coffee', 6), ('Eggs', 6)]",249.75,-37.8107963,144.9711395,0,6.886,14.5431005
ORDI07070,2018-03-23,10:42:15,Breakfast,NS,"[('Cereal', 5), ('Eggs', 1)]",127.0,-37.8005257,144.9585961,0,7.259,11.9160541
ORDI05616,2018-03-08,10:11:49,Breakfast,NS,"[('Eggs', 1), ('Pancake', 3)]",94.75,-37.8081909,144.9732485,0,7.126,11.8877353
ORDC04539,2018-03-14,10:21:58,Breakfast,NS,"[('Pancake', 2), ('Cereal', 10)]",258.5,-37.8211305,144.9833823,0,9.249,14.275249
ORDJ09653,2018-06-11,13:14:21,Lunch,TP,"[('Burger', 7), ('Fries', 9), ('Salad', 8)]",462.6,-37.8207258,144.9415323,0,9.479,12.8438296
ORDZ03112,2018-01-29,08:50:42,Breakfast,NS,"[('Eggs', 3), ('Cereal', 8), ('Pancake', 4)]",331.0,-37.8254365,144.9358968,0,11.066,15.6948465
ORDY05627,2018-05-12,12:13:31,Lunch,TP,"[('Burger', 9), ('Steak', 2), ('Chicken', 8)]",625.0,-37.8018898,144.9652971,0,9.629,14.8250895
ORDA03855,2018-06-17,13:24:30,Lunch,BK,"[('Chicken', 2), ('Burger', 7), ('Salad', 5), ('Fries', 9)]",475.0,-37.8137936,144.944511,0,9.235,18.0020183
ORDZ00563,2018-08-20,15:36:20,Lunch,NS,"[('Burger', 7), ('Salad', 10), ('Chicken', 1)]",421.0,-37.8186271,144.9679277,0,8.436,13.5366023
ORDJ01591,2018-12-23,19:49:51,Dinner,TP,"[('Salmon', 4), ('Fish&Chips', 10), ('Pasta', 8), ('Shrimp', 7)]",1112.0,-37.8035324,144.9817888,0,10.252,16.063631
ORDK07248,2018-01-24,08:40:33,Breakfast,BK,"[('Pancake', 5), ('Eggs', 3), ('Cereal', 6)]",313.25,-37.8127229,144.9626413,0,7.69,12.1087816
ORDA01760,2018-05-27,12:43:56,Lunch,BK,"[('Chicken', 2), ('Fries', 7)]",148.0,-37.8145859,144.9934439,0,5.141,13.2836686
ORDC07325,2018-03-07,10:11:49,Breakfast,NS,"[('Eggs', 4), ('Coffee', 7), ('Cereal', 1)]",161.5,-37.8078343,144.9730469,0,7.072,12.3962332
ORDB01925,2018-02-13,09:21:07,Breakfast,TP,"[('Cereal', 3), ('Pancake', 5), ('Coffee', 7)]",236.75,-37.8029182,144.9281234,0,11.512,13.6087357
ORDX08825,2018-02-04,09:00:50,Breakfast,BK,"[('Eggs', 3), ('Pancake', 7), ('Cereal', 7), ('Coffee', 2)]",397.75,-37.8212464,144.9613796,0,8.199,15.2951266
ORDX08622,2018-07-03,14:05:04,Lunch,BK,"[('Salad', 10), ('Steak', 8), ('Burger', 8), ('Chicken', 5)]",940.0,-37.8075932,144.9629349,0,7.472,13.3919535
ORDZ00636,2018-12-08,19:19:26,Dinner,NS,"[('Pasta', 5), ('Shrimp', 4), ('Fish&Chips', 9), ('Salmon', 7)]",955.5,-37.8242333,144.9537568,0,9.858,17.9035995
ORDA09924,2018-11-08,18:18:35,Dinner,BK,"[('Pasta', 4), ('Salmon', 1), ('Fish&Chips', 7)]",396.0,-37.799115,144.9600818,0,8.399,15.027709
ORDB03419,2018-08-02,15:05:54,Lunch,TP,"[('Salad', 6), ('Steak', 10), ('Burger', 9), ('Chicken', 2), ('Fries', 9)]",1004.2,-37.7997046,144.9550666,0,9.828,13.0581318
ORDC06864,2018-04-01,10:52:23,Breakfast,NS,"[('Coffee', 5), ('Eggs', 5)]",147.5,-37.8190398,144.9543176,0,9.174,16.6084733
ORDK08548,2018-06-15,13:24:30,Lunch,BK,"[('Salad', 6), ('Fries', 1), ('Steak', 9)]",520.2,-37.8184751,145.0151039,0,5.251,11.1702847
ORDZ01179,2018-10-13,17:27:53,Dinner,NS,"[('Fish&Chips', 2), ('Pasta', 7), ('Shrimp', 10)]",802.5,-37.8212135,144.9557162,0,9.414,17.2199377
ORDB09249,2018-04-22,11:43:05,Breakfast,TP,"[('Cereal', 6), ('Eggs', 10)]",346.0,-37.8187569,144.9532343,0,8.532,12.864347
ORDB01871,2018-06-25,13:44:47,Lunch,TP,"[('Salad', 5), ('Burger', 1)]",117.0,-37.8250792,144.9827779,0,8.978,11.9653083
ORDI06732,2018-12-29,20:00:00,Dinner,NS,"[('Salmon', 2), ('Fish&Chips', 1)]",117.0,-37.8165806,144.9374466,0,10.062,17.9411162
ORDJ02236,2018-09-10,16:16:54,Dinner,TP,"[('Shrimp', 7), ('Pasta', 3), ('Fish&Chips', 7), ('Salmon', 8)]",1033.5,-37.8102664,144.9977363,0,10.839,15.0004637
ORDI00255,2018-04-05,11:02:32,Breakfast,NS,"[('Coffee', 4), ('Cereal', 4), ('Eggs', 10), ('Pancake', 6)]",479.5,-37.8143598,144.9496806,0,10.237,14.9695082
ORDY07890,2018-09-05,16:06:45,Dinner,TP,"[('Shrimp', 3), ('Fish&Chips', 3)]",267.0,-37.8149857,144.9274207,0,11.821,14.9427291
ORDK10788,2018-03-31,10:52:23,Breakfast,BK,"[('Cereal', 5), ('Eggs', 10), ('Coffee', 9)]",392.5,-37.7988037,144.989939,0,6.149,14.0360308
ORDB00145,2018-05-19,12:33:48,Lunch,TP,"[('Salad', 5), ('Chicken', 1)]",118.0,-37.7993418,144.9543752,0,9.903,14.9725821
ORDB01661,2018-04-26,11:43:05,Breakfast,TP,"[('Pancake', 1), ('Coffee', 9)]",0.0,-37.8190856,144.9528457,0,8.57,11.0652225
ORDJ10532,2018-01-26,08:40:33,Breakfast,TP,"[('Cereal', 7), ('Pancake', 5), ('Coffee', 1), ('Eggs', 6)]",407.75,-37.8071908,144.9578618,0,9.152,12.673785
ORDK01102,2018-07-21,14:35:29,Lunch,BK,"[('Chicken', 2), ('Steak', 2)]",154.0,-37.8122037,144.9745305,0,6.711,15.1307405
ORDC00560,2018-01-18,08:30:25,Breakfast,NS,"[('Coffee', 6), ('Cereal', 4), ('Pancake', 1), ('Eggs', 7)]",0.0,-37.8202944,145.0144523,1,11.429,8.5369199
ORDJ03678,2018-11-02,18:08:27,Dinner,TP,"[('Pasta', 6), ('Fish&Chips', 1), ('Salmon', 9)]",569.0,-37.8069073,144.9492445,0,9.616,13.9176467
ORDX02474,2018-01-21,08:40:33,Breakfast,BK,"[('Pancake', 4), ('Eggs', 4)]",185.0,-37.8150344,144.9641152,0,7.712,15.1674898
ORDA06460,2018-09-18,16:37:10,Dinner,BK,"[('Fish&Chips', 9), ('Salmon', 9)]",684.0,-37.81284,144.9430922,0,9.402,16.3207956
ORDA08774,2018-11-09,18:18:35,Dinner,BK,"[('Pasta', 9), ('Shrimp', 7), ('Salmon', 9), ('Fish&Chips', 9)]",1309.5,-37.8129148,144.9857283,0,5.665,12.4692267
ORDB08324,2018-03-01,09:51:32,Breakfast,TP,"[('Eggs', 4), ('Cereal', 10), ('Pancake', 4), ('Coffee', 2)]",410.0,-37.8052664,144.9551719,0,9.424,11.9887017
ORDA03972,2018-10-11,17:27:53,Dinner,BK,"[('Fish&Chips', 9), ('Pasta', 8), ('Shrimp', 6)]",859.0,-37.8076204,144.9732327,0,6.54,13.6563938
ORDC01620,2018-09-21,16:37:10,Dinner,NS,"[('Shrimp', 4), ('Pasta', 6), ('Fish&Chips', 7)]",0.0,-37.8000279,144.9704433,0,6.167,12.5399568
ORDX08342,2018-05-25,12:43:56,Lunch,BK,"[('Salad', 8), ('Burger', 7), ('Chicken', 10), ('Steak', 3), ('Fries', 3)]",845.6,-37.8026571,144.9635276,0,7.775,13.2172572
ORDY05600,2018-06-09,13:14:21,Lunch,TP,"[('Chicken', 8), ('Fries', 7), ('Burger', 10), ('Steak', 2)]",740.0,-37.8050219,145.0150167,0,12.99,17.3255956
ORDX00751,2018-07-10,14:15:12,Lunch,BK,"[('Steak', 3), ('Fries', 9)]",243.0,-37.8061542,144.943339,0,9.381,15.8339867
ORDJ03003,2018-06-07,13:14:21,Lunch,TP,"[('Burger', 10), ('Chicken', 10), ('Salad', 7)]",750.4,-37.8023202,144.9789589,0,10.066,12.9108949
ORDC07646,2018-02-21,09:41:24,Breakfast,NS,"[('Cereal', 3), ('Pancake', 10), ('Coffee', 8), ('Eggs', 9)]",0.0,-37.8137051,144.9988923,0,9.916,14.5578723
ORDC00434,2018-01-07,08:10:08,Breakfast,NS,"[('Cereal', 6), ('Pancake', 2), ('Eggs', 3)]",0.0,-37.8138332,144.9376909,1,10.029,8.0314762
ORDX04799,2018-09-23,16:47:19,Dinner,BK,"[('Shrimp', 1), ('Salmon', 1)]",95.0,-37.797697,144.9675261,0,8.04,17.1314643
ORDZ08631,2018-08-25,15:46:28,Lunch,NS,"[('Burger', 4), ('Fries', 2), ('Chicken', 7), ('Salad', 3)]",423.6,-37.8181208,144.9693491,0,8.547,15.5670821
ORDA03458,2018-10-20,17:38:01,Dinner,BK,"[('Shrimp', 3), ('Salmon', 9), ('Fish&Chips', 7)]",776.0,-37.8156716,144.9800309,0,6.344,15.0708875
ORDJ03453,2018-05-16,12:23:39,Lunch,TP,"[('Steak', 5), ('Fries', 5), ('Salad', 4)]",353.8,-37.809039,144.9719353,0,9.056,12.6265529
ORDZ05922,2018-03-19,10:32:06,Breakfast,NS,"[('Pancake', 10), ('Coffee', 4), ('Eggs', 10)]",492.5,-37.8073299,144.9724106,0,7.003,12.0403024
ORDA04198,2018-08-08,15:16:03,Lunch,BK,"[('Chicken', 3), ('Burger', 9), ('Steak', 9)]",780.0,-37.8064414,144.9413287,0,9.563,15.3881847
ORDY07710,2018-12-23,19:49:51,Dinner,TP,"[('Shrimp', 3), ('Pasta', 8), ('Salmon', 8), ('Fish&Chips', 6)]",920.0,-37.8187231,145.0037836,0,10.951,16.5927478
ORDX08513,2018-07-28,14:55:46,Lunch,BK,"[('Steak', 7), ('Burger', 4)]",439.0,-37.8048636,144.987693,0,5.812,13.905506
ORDJ02853,2018-12-14,19:29:34,Dinner,TP,"[('Salmon', 5), ('Shrimp', 7), ('Fish&Chips', 7), ('Pasta', 4)]",0.0,-37.8094704,144.9727182,0,9.09,13.4306262
ORDB00792,2018-05-11,12:13:31,Lunch,TP,"[('Salad', 8), ('Burger', 7), ('Fries', 1), ('Steak', 10), ('Chicken', 1)]",848.6,-37.8105541,145.0047871,0,11.483,14.7105943
ORDB03486,2018-04-14,11:22:49,Breakfast,TP,"[('Coffee', 8), ('Cereal', 6)]",186.0,-37.8149205,144.9447554,0,9.596,13.4680957
ORDB00068,2018-05-15,12:23:39,Lunch,TP,"[('Fries', 3), ('Chicken', 1), ('Salad', 5), ('Steak', 1), ('Burger', 2)]",261.0,-37.8171566,144.9646434,0,7.653,11.2536283
ORDY09507,2018-02-15,09:21:07,Breakfast,TP,"[('Coffee', 7), ('Eggs', 9)]",250.5,-37.8119411,144.9693608,0,8.621,11.5711601
ORDZ02061,2018-10-20,17:38:01,Dinner,NS,"[('Pasta', 3), ('Fish&Chips', 1), ('Shrimp', 9), ('Salmon', 8)]",931.5,-37.8068963,144.9746492,0,7.069,14.9117481
ORDX08960,2018-10-16,17:27:53,Dinner,BK,"[('Fish&Chips', 8), ('Pasta', 9), ('Shrimp', 9), ('Salmon', 4)]",1177.5,-37.825097,144.9928374,0,6.083,12.4942467
ORDC10768,2018-06-19,13:34:38,Lunch,NS,"[('Burger', 5), ('Chicken', 3), ('Steak', 6), ('Fries', 2)]",545.0,-37.8211073,145.0015792,0,10.537,16.308893
ORDY01218,2018-04-15,11:22:49,Breakfast,TP,"[('Cereal', 6), ('Coffee', 6), ('Pancake', 3)]",243.75,-37.8048302,144.9460522,0,9.945,13.9296176
ORDX00258,2018-03-19,10:32:06,Breakfast,BK,"[('Coffee', 1), ('Cereal', 9), ('Pancake', 6)]",342.0,-37.8153034,144.9519421,0,8.648,13.8070327
ORDC08018,2018-02-02,09:00:50,Breakfast,NS,"[('Cereal', 4), ('Eggs', 4), ('Coffee', 3), ('Pancake', 6)]",340.0,-37.8055238,144.9283682,0,11.021,15.7618042
ORDY01369,2018-06-22,13:44:47,Lunch,TP,"[('Chicken', 1), ('Burger', 8), ('Salad', 1), ('Fries', 2), ('Steak', 1)]",366.2,-37.8044284,144.9282487,0,11.391,14.5977447
ORDY03336,2018-12-18,19:39:43,Dinner,TP,"[('Shrimp', 6), ('Fish&Chips', 10)]",674.0,-37.8081734,144.9482459,0,9.658,14.1488123
ORDI04241,2018-02-03,09:00:50,Breakfast,NS,"[('Coffee', 7), ('Pancake', 8)]",246.5,-37.8091283,144.9559019,0,8.056,15.2934232
ORDA08690,2018-08-03,15:05:54,Lunch,BK,"[('Steak', 7), ('Chicken', 5)]",475.0,-37.8144877,144.9880973,0,5.565,11.6392478
ORDA04453,2018-05-12,12:13:31,Lunch,BK,"[('Steak', 7), ('Chicken', 3), ('Salad', 9), ('Burger', 7), ('Fries', 4)]",830.8,-37.7996552,144.9371242,0,11.468,19.6611458
ORDA06358,2018-07-28,14:55:46,Lunch,BK,"[('Steak', 2), ('Burger', 9), ('Salad', 9)]",523.8,-37.8119746,144.9594259,0,7.893,16.4758621
ORDI10586,2018-04-26,11:43:05,Breakfast,NS,"[('Cereal', 1), ('Eggs', 1)]",0.0,-37.8184197,144.966889,0,8.464,13.970538
ORDB09209,2018-10-21,17:38:01,Dinner,TP,"[('Shrimp', 5), ('Pasta', 6)]",0.0,-37.8195147,144.9827712,0,9.102,14.5759665
ORDB10762,2018-06-19,13:34:38,Lunch,TP,"[('Chicken', 9), ('Burger', 8)]",536.0,-37.824998,144.99804,0,10.104,12.8927952
ORDB10130,2018-01-03,08:00:00,Breakfast,TP,"[('Cereal', 7), ('Eggs', 8), ('Pancake', 3), ('Coffee', 9)]",463.25,-37.8034603,145.0198773,1,14.095,8.2079677
ORDB08569,2018-06-16,13:24:30,Lunch,TP,"[('Chicken', 8), ('Steak', 8), ('Salad', 5)]",702.0,-37.8209795,144.9687295,0,7.686,13.1669543
ORDC06262,2018-09-15,16:27:02,Dinner,NS,"[('Shrimp', 3), ('Pasta', 6), ('Salmon', 1), ('Fish&Chips', 1)]",403.0,-37.8139279,144.9731462,0,7.78,15.8730034
ORDA07905,2018-12-16,19:29:34,Dinner,BK,"[('Pasta', 9), ('Salmon', 3)]",370.5,-37.8244158,144.9444822,0,9.81,19.2980451
ORDC04898,2018-11-24,18:49:00,Dinner,NS,"[('Fish&Chips', 10), ('Pasta', 10)]",0.0,-37.8133291,144.939352,0,9.805,17.8852703
ORDY04696,2018-12-12,19:29:34,Dinner,TP,"[('Pasta', 1), ('Shrimp', 7)]",405.5,-37.8203187,144.9576205,0,7.939,12.2619586
ORDA03138,2018-11-20,18:38:52,Dinner,BK,"[('Fish&Chips', 8), ('Pasta', 4)]",390.0,-37.8134339,144.9358028,0,10.274,17.1805186
ORDB08419,2018-07-11,14:15:12,Lunch,TP,"[('Burger', 3), ('Chicken', 10)]",413.0,-37.8144638,145.007796,0,11.688,14.5656604
ORDI03590,2018-04-13,11:22:49,Breakfast,NS,"[('Cereal', 8), ('Pancake', 4)]",265.0,-37.816168,144.9723726,0,7.917,13.1645926
ORDX04002,2018-04-28,11:53:14,Breakfast,BK,"[('Coffee', 4), ('Cereal', 5)]",135.0,-37.8214426,144.9573199,0,8.491,15.966277
ORDZ04242,2018-07-27,14:45:38,Lunch,NS,"[('Burger', 5), ('Chicken', 1), ('Salad', 5), ('Steak', 2)]",0.0,-37.8221722,144.9784874,0,8.927,14.0703231
ORDX07310,2018-12-17,19:39:43,Dinner,BK,"[('Pasta', 6), ('Shrimp', 4), ('Fish&Chips', 6), ('Salmon', 10)]",1001.0,-37.8073732,144.9503176,0,8.697,15.8852638
ORDI10850,2018-01-29,08:50:42,Breakfast,NS,"[('Eggs', 5), ('Coffee', 4), ('Cereal', 8)]",308.0,-37.8030408,144.9679707,0,6.531,11.5816714
ORDA00729,2018-06-02,13:04:13,Lunch,BK,"[('Burger', 1), ('Chicken', 3), ('Steak', 1), ('Fries', 4)]",220.0,-37.818061,144.9648126,0,7.673,16.1384704
ORDA07802,2018-09-13,16:27:02,Dinner,BK,"[('Fish&Chips', 7), ('Pasta', 3), ('Shrimp', 6), ('Salmon', 6)]",897.5,-37.8038062,144.9574888,0,8.417,15.2919108
ORDK01918,2018-10-02,17:07:36,Dinner,BK,"[('Pasta', 9), ('Salmon', 6), ('Shrimp', 7), ('Fish&Chips', 10)]",1221.5,-37.8022153,144.9633568,0,7.841,14.7561049
ORDX06576,2018-06-23,13:44:47,Lunch,BK,"[('Burger', 2), ('Steak', 9), ('Fries', 2), ('Chicken', 8), ('Salad', 2)]",781.4,-37.8049263,144.969378,0,7.054,16.130902
ORDY06916,2018-05-28,12:54:05,Lunch,TP,"[('Fries', 9), ('Burger', 5), ('Chicken', 4)]",391.0,-37.8102396,145.0103336,0,12.25,14.882365
ORDX02820,2018-11-20,18:38:52,Dinner,BK,"[('Shrimp', 9), ('Fish&Chips', 8), ('Pasta', 5), ('Salmon', 9)]",1272.5,-37.8134339,144.9358028,0,10.274,17.3652451
ORDB03305,2018-05-16,12:23:39,Lunch,TP,"[('Burger', 1), ('Steak', 5), ('Salad', 4), ('Fries', 2)]",348.8,-37.8103816,144.9898444,0,10.182,13.5347094
ORDZ04169,2018-05-28,12:54:05,Lunch,NS,"[('Steak', 4), ('Fries', 2), ('Salad', 10)]",376.0,-37.8222191,144.9832175,0,9.132,14.5136718
ORDI00838,2018-08-29,15:56:37,Lunch,NS,"[('Steak', 1), ('Fries', 2), ('Chicken', 6), ('Burger', 3), ('Salad', 4)]",422.8,-37.8106377,144.9598277,0,7.787,13.2464916
ORDC07729,2018-05-18,12:33:48,Lunch,NS,"[('Burger', 10), ('Chicken', 1), ('Steak', 2)]",432.0,-37.8016349,144.9825883,0,7.265,12.5948173
ORDX02220,2018-06-02,13:04:13,Lunch,BK,"[('Steak', 10), ('Chicken', 7), ('Salad', 5), ('Fries', 8), ('Burger', 2)]",918.0,-37.8124518,144.9587199,0,8.0,16.2320383
ORDY01937,2018-06-24,13:44:47,Lunch,TP,"[('Burger', 1), ('Salad', 4), ('Fries', 1), ('Chicken', 9)]",399.8,-37.8107116,144.9461332,0,9.714,14.6616583
ORDY04027,2018-12-12,19:29:34,Dinner,TP,"[('Pasta', 9), ('Shrimp', 2)]",355.5,-37.8137047,144.9655369,0,8.183,12.3574348
ORDK10784,2018-05-06,12:03:22,Lunch,BK,"[('Fries', 2), ('Salad', 4), ('Burger', 10)]",402.8,-37.8021194,144.9705841,0,7.418,15.9581334
ORDZ06520,2018-09-18,16:37:10,Dinner,NS,"[('Pasta', 8), ('Shrimp', 1)]",274.0,-37.8148464,145.0029943,0,10.161,15.8608812
ORDK05456,2018-11-10,18:18:35,Dinner,BK,"[('Salmon', 8), ('Fish&Chips', 4)]",468.0,-37.8193861,145.0073063,0,4.259,13.071285
ORDZ05109,2018-02-06,09:10:59,Breakfast,NS,"[('Cereal', 2), ('Coffee', 3)]",64.5,-37.8006219,144.9781021,0,6.893,11.8344958
ORDK06899,2018-02-19,09:31:16,Breakfast,BK,"[('Coffee', 5), ('Pancake', 10), ('Cereal', 7), ('Eggs', 9)]",625.0,-37.8060592,144.9460326,0,9.024,13.824493
ORDJ05084,2018-06-26,13:44:47,Lunch,TP,"[('Fries', 8), ('Burger', 7), ('Salad', 7)]",0.0,-37.8258886,144.9843952,0,8.913,12.0009124
ORDZ01263,2018-12-15,19:29:34,Dinner,NS,"[('Fish&Chips', 7), ('Pasta', 10), ('Shrimp', 8)]",952.0,-37.819643,144.9601982,0,8.962,16.8888163
ORDB08687,2018-10-05,17:07:36,Dinner,TP,"[('Pasta', 9), ('Salmon', 7), ('Fish&Chips', 5)]",709.5,-37.8092433,144.9783574,0,9.294,13.4045649
ORDZ09322,2018-02-15,09:31:16,Breakfast,NS,"[('Cereal', 4), ('Pancake', 9)]",0.0,-37.8101983,144.9766874,0,7.754,12.2512974
ORDY00682,2018-03-16,10:21:58,Breakfast,TP,"[('Cereal', 3), ('Eggs', 8), ('Pancake', 4), ('Coffee', 7)]",0.0,-37.8075842,144.9708509,0,9.28,12.0724589
ORDB09885,2018-08-01,14:55:46,Lunch,TP,"[('Chicken', 8), ('Fries', 2), ('Burger', 8), ('Steak', 3)]",663.0,-37.8054842,144.9735747,0,9.519,12.6906073
ORDA02136,2018-12-01,18:59:09,Dinner,BK,"[('Pasta', 2), ('Salmon', 9)]",424.0,-37.8000195,145.0055703,0,4.853,14.2353371
ORDB09586,2018-01-07,08:10:08,Breakfast,TP,"[('Coffee', 9), ('Eggs', 10), ('Pancake', 8), ('Cereal', 10)]",691.5,-37.8125043,144.9374633,1,10.666,7.1201307
ORDA07663,2018-12-03,19:09:17,Dinner,BK,"[('Shrimp', 2), ('Fish&Chips', 9), ('Salmon', 1)]",464.0,-37.8213234,144.9710059,0,7.95,14.6066941
ORDI07749,2018-06-14,13:24:30,Lunch,NS,"[('Salad', 2), ('Fries', 1), ('Steak', 6), ('Burger', 6)]",502.4,-37.7998087,144.9671663,0,6.512,12.1807498
ORDZ03924,2018-04-20,11:32:57,Breakfast,NS,"[('Coffee', 8), ('Pancake', 3), ('Cereal', 7), ('Eggs', 10)]",499.75,-37.8188737,144.9527811,0,9.263,14.4894097
ORDY09000,2018-02-04,09:00:50,Breakfast,TP,"[('Coffee', 10), ('Eggs', 9)]",273.0,-37.8173216,144.9914538,0,9.874,13.7161348
ORDB06140,2018-10-08,17:17:44,Dinner,TP,"[('Pasta', 1), ('Fish&Chips', 4), ('Shrimp', 5), ('Salmon', 3)]",560.5,-37.8193926,144.9611525,0,7.633,11.8690257
ORDI07645,2018-01-03,08:00:00,Breakfast,NS,"[('Pancake', 8), ('Cereal', 3), ('Eggs', 10), ('Coffee', 4)]",507.0,-37.802871,145.0166333,1,11.038,7.5824285
ORDJ03240,2018-03-17,10:21:58,Breakfast,TP,"[('Pancake', 1), ('Cereal', 9)]",213.25,-37.823242,144.9881207,0,9.33,13.4651463
ORDC06607,2018-04-04,11:02:32,Breakfast,NS,"[('Cereal', 7), ('Pancake', 8), ('Eggs', 7), ('Coffee', 7)]",547.5,-37.8094801,144.9479139,0,8.895,14.1428304
ORDK04153,2018-03-20,10:32:06,Breakfast,BK,"[('Pancake', 5), ('Eggs', 4)]",209.25,-37.8099121,144.9585577,0,7.955,12.499341
ORDA08820,2018-12-08,19:19:26,Dinner,BK,"[('Shrimp', 3), ('Pasta', 8), ('Salmon', 9), ('Fish&Chips', 8)]",1031.0,-37.8125347,144.9727849,0,6.876,15.8260915
ORDJ05639,2018-02-25,09:41:24,Breakfast,TP,"[('Cereal', 7), ('Coffee', 8), ('Pancake', 7), ('Eggs', 10)]",596.75,-37.8164534,144.9556614,0,8.375,12.6263296
ORDA08893,2018-03-06,10:01:41,Breakfast,BK,"[('Cereal', 8), ('Eggs', 1)]",190.0,-37.8131147,144.9514063,0,8.558,13.8417943
ORDK05143,2018-09-16,16:37:10,Dinner,BK,"[('Fish&Chips', 9), ('Pasta', 2), ('Shrimp', 8), ('Salmon', 6)]",1048.0,-37.80773,144.97136,0,6.671,16.0015209
ORDJ03412,2018-08-28,15:56:37,Lunch,TP,"[('Burger', 9), ('Steak', 6)]",549.0,-37.8093973,144.9378374,0,10.591,13.6067651
ORDZ09164,2018-07-15,14:25:21,Lunch,NS,"[('Fries', 7), ('Salad', 1), ('Steak', 4), ('Chicken', 10)]",601.2,-37.8040088,144.9764088,0,6.922,13.8803004
ORDJ07217,2018-07-13,14:25:21,Lunch,TP,"[('Steak', 5), ('Burger', 9)]",504.0,-37.8180982,144.9951106,0,10.15,13.6757389
ORDZ02154,2018-10-23,17:48:10,Dinner,NS,"[('Pasta', 1), ('Shrimp', 2), ('Salmon', 10), ('Fish&Chips', 8)]",825.5,-37.807198,144.9487152,0,8.648,14.5860025
ORDJ07056,2018-11-25,18:49:00,Dinner,TP,"[('Fish&Chips', 8), ('Shrimp', 10), ('Pasta', 2)]",875.0,-37.8211104,144.9827909,0,9.014,14.464566
ORDC07051,2018-06-17,13:34:38,Lunch,NS,"[('Chicken', 3), ('Fries', 10), ('Salad', 5)]",302.0,-37.8139548,144.92984,0,10.149,17.5707233
ORDZ01338,2018-02-20,09:31:16,Breakfast,NS,"[('Eggs', 2), ('Pancake', 8), ('Cereal', 7)]",385.0,-37.7989062,144.9726129,0,6.381,11.6250204
ORDJ03265,2018-03-31,10:52:23,Breakfast,TP,"[('Eggs', 10), ('Cereal', 4), ('Pancake', 3)]",0.0,-37.812884,144.9892226,0,9.877,14.1581552
ORDZ07536,2018-08-02,15:05:54,Lunch,NS,"[('Salad', 7), ('Steak', 8)]",480.4,-37.8113862,144.969102,0,7.375,12.9529822
ORDY06571,2018-06-25,13:44:47,Lunch,TP,"[('Chicken', 3), ('Burger', 6), ('Salad', 1), ('Fries', 6), ('Steak', 3)]",506.2,-37.8243928,144.9845817,0,8.931,12.056818
ORDI04357,2018-02-14,09:21:07,Breakfast,NS,"[('Coffee', 3), ('Eggs', 8), ('Pancake', 4)]",295.5,-37.8251249,144.9919938,0,9.793,14.572711
ORDC06110,2018-01-07,08:10:08,Breakfast,NS,"[('Eggs', 6), ('Coffee', 10), ('Cereal', 10), ('Pancake', 8)]",611.0,-37.8236861,144.982575,1,9.251,8.3378877
ORDI08936,2018-09-30,16:57:27,Dinner,NS,"[('Shrimp', 3), ('Pasta', 2)]",217.0,-37.7993843,144.925888,0,10.271,17.4954381
ORDJ05130,2018-03-08,10:11:49,Breakfast,TP,"[('Eggs', 7), ('Pancake', 7), ('Coffee', 10), ('Cereal', 6)]",524.75,-37.8187585,144.983617,0,9.126,11.6641927
ORDA01462,2018-07-15,14:25:21,Lunch,BK,"[('Chicken', 1), ('Burger', 6), ('Fries', 8)]",314.0,-37.8101204,144.953732,0,8.423,17.2944268
ORDI00210,2018-12-14,19:29:34,Dinner,NS,"[('Pasta', 3), ('Fish&Chips', 7)]",327.5,-37.8167245,144.9273945,0,10.405,16.3396802
ORDZ04960,2018-06-09,13:14:21,Lunch,NS,"[('Burger', 6), ('Chicken', 8)]",442.0,-37.8183988,144.9787977,0,9.109,16.502571
ORDI09420,2018-01-27,08:50:42,Breakfast,NS,"[('Pancake', 5), ('Eggs', 3), ('Cereal', 1)]",208.25,-37.8198936,144.9526628,0,9.486,16.3585741
ORDX01389,2018-08-18,15:36:20,Lunch,BK,"[('Salad', 3), ('Chicken', 1), ('Burger', 5), ('Steak', 2)]",328.6,-37.8091642,144.9691215,0,6.968,14.9336918
ORDZ03550,2018-02-06,09:10:59,Breakfast,NS,"[('Eggs', 3), ('Cereal', 8)]",234.0,-37.8246287,144.9884774,0,9.64,14.402149
ORDY00216,2018-06-15,13:24:30,Lunch,TP,"[('Burger', 6), ('Salad', 1), ('Fries', 10), ('Chicken', 7), ('Steak', 2)]",637.2,-37.815448,144.9665703,0,7.976,11.5531369
ORDK00836,2018-04-04,11:02:32,Breakfast,BK,"[('Coffee', 4), ('Eggs', 9), ('Cereal', 1), ('Pancake', 7)]",418.75,-37.8070805,144.9597162,0,7.743,12.4636873
ORDI10260,2018-12-28,20:00:00,Dinner,NS,"[('Fish&Chips', 10), ('Pasta', 5), ('Salmon', 4), ('Shrimp', 9)]",1137.5,-37.812715,144.9681564,0,7.615,13.4432951
ORDY07965,2018-02-02,09:00:50,Breakfast,TP,"[('Pancake', 8), ('Eggs', 6), ('Coffee', 3), ('Cereal', 4)]",432.5,-37.8108597,144.9996316,0,11.134,13.6395341
ORDA07763,2018-06-20,13:34:38,Lunch,BK,"[('Burger', 7), ('Salad', 10), ('Steak', 2)]",479.0,-37.8042178,144.9488784,0,8.816,14.4625539
ORDJ10498,2018-03-24,10:42:15,Breakfast,TP,"[('Eggs', 3), ('Coffee', 5), ('Cereal', 2), ('Pancake', 9)]",363.75,-37.8188454,144.9821163,0,8.913,12.9491475
ORDC10177,2018-11-25,18:49:00,Dinner,NS,"[('Pasta', 8), ('Salmon', 7)]",507.0,-37.8214208,144.9844579,0,9.198,17.1676097
ORDK01990,2018-09-04,16:06:45,Dinner,BK,"[('Salmon', 1), ('Pasta', 4)]",151.0,-37.8002304,144.9432404,0,9.427,16.2394663
ORDB10772,2018-07-19,14:35:29,Lunch,TP,"[('Burger', 10), ('Fries', 4), ('Salad', 5), ('Chicken', 9), ('Steak', 8)]",1092.0,-37.8098985,145.0143816,0,12.638,15.7747254
ORDC02145,2018-11-19,18:38:52,Dinner,NS,"[('Salmon', 9), ('Fish&Chips', 9), ('Shrimp', 7)]",1062.0,-37.8167278,145.0089773,0,10.767,16.5162497
ORDC05998,2018-11-27,18:59:09,Dinner,NS,"[('Fish&Chips', 9), ('Salmon', 10)]",725.0,-37.8187564,144.9842151,0,8.943,15.4019891
ORDZ08331,2018-11-19,18:38:52,Dinner,NS,"[('Pasta', 2), ('Shrimp', 10), ('Salmon', 2), ('Fish&Chips', 7)]",922.0,-37.8239933,144.990658,0,9.623,15.9190773
ORDY02701,2018-09-16,16:27:02,Dinner,TP,"[('Shrimp', 7), ('Pasta', 3), ('Fish&Chips', 8), ('Salmon', 6)]",986.5,-37.8108465,144.9995362,0,11.144,16.4785861
ORDI05802,2018-10-30,17:58:18,Dinner,NS,"[('Fish&Chips', 9), ('Shrimp', 7), ('Salmon', 3), ('Pasta', 5)]",953.5,-37.8216454,144.9944913,0,9.91,15.8012287
ORDI02412,2018-04-05,11:02:32,Breakfast,NS,"[('Cereal', 6), ('Coffee', 10), ('Eggs', 3)]",267.0,-37.8221838,144.9334942,0,10.84,16.2251093
ORDX01399,2018-06-23,13:44:47,Lunch,BK,"[('Burger', 5), ('Fries', 10)]",275.0,-37.8036392,144.9922661,0,5.444,13.6845093
ORDK03221,2018-05-31,12:54:05,Lunch,BK,"[('Fries', 1), ('Salad', 10), ('Burger', 5), ('Chicken', 2)]",403.0,-37.8222436,144.9497997,0,9.079,15.3985177
ORDA10729,2018-03-13,10:21:58,Breakfast,BK,"[('Coffee', 8), ('Cereal', 1), ('Pancake', 3)]",153.75,-37.8158949,144.9508823,0,9.823,15.335343
ORDJ03278,2018-09-16,16:37:10,Dinner,TP,"[('Pasta', 10), ('Salmon', 6)]",521.0,-37.8041379,144.983392,0,10.209,15.8056214
ORDC03091,2018-07-24,14:45:38,Lunch,NS,"[('Chicken', 1), ('Burger', 9), ('Salad', 7)]",431.4,-37.8001618,144.9845044,0,7.562,12.3884712
ORDK09171,2018-04-07,11:12:40,Breakfast,BK,"[('Coffee', 4), ('Eggs', 3), ('Pancake', 4)]",193.0,-37.8006466,144.9357718,0,12.623,20.1620881
ORDA03254,2018-12-27,20:00:00,Dinner,BK,"[('Salmon', 2), ('Fish&Chips', 10), ('Pasta', 5)]",569.5,-37.8119497,144.9386294,0,9.862,16.9632494
ORDX08595,2018-02-24,09:41:24,Breakfast,BK,"[('Eggs', 1), ('Cereal', 1)]",43.0,-37.8115895,145.0063903,0,3.613,10.0322139
ORDA10386,2018-10-28,17:58:18,Dinner,BK,"[('Pasta', 4), ('Salmon', 2), ('Shrimp', 4), ('Fish&Chips', 2)]",478.0,-37.8095308,144.9478195,0,8.997,18.5477916
ORDX04081,2018-11-30,18:59:09,Dinner,BK,"[('Pasta', 7), ('Salmon', 2)]",0.0,-37.8021939,145.0040721,0,5.34,12.3545057
ORDZ10669,2018-03-18,10:32:06,Breakfast,NS,"[('Pancake', 7), ('Eggs', 8)]",345.75,-37.8117416,144.9636136,0,7.714,15.0056756
ORDZ04629,2018-06-02,13:04:13,Lunch,NS,"[('Burger', 1), ('Fries', 9), ('Steak', 1)]",184.0,-37.8162962,144.9674446,0,8.33,15.3846808
ORDI10688,2018-02-03,09:00:50,Breakfast,NS,"[('Pancake', 7), ('Cereal', 5), ('Coffee', 2)]",289.75,-37.8186632,144.996477,0,9.959,17.6163976
ORDZ08564,2018-09-26,16:57:27,Dinner,NS,"[('Salmon', 8), ('Shrimp', 2), ('Fish&Chips', 7)]",681.0,-37.8234406,144.9783548,0,8.916,14.8136322
ORDA10275,2018-05-27,12:43:56,Lunch,BK,"[('Burger', 5), ('Fries', 3), ('Salad', 5), ('Chicken', 9)]",565.0,-37.8175784,144.9486776,0,9.107,17.9535427
ORDA00377,2018-04-07,11:02:32,Breakfast,BK,"[('Pancake', 1), ('Cereal', 5), ('Coffee', 8)]",189.25,-37.8143283,144.9742895,0,6.762,13.9563631
ORDZ00210,2018-11-29,18:59:09,Dinner,NS,"[('Fish&Chips', 10), ('Pasta', 1), ('Salmon', 1)]",418.5,-37.8173524,144.9878848,0,9.092,15.278477
ORDY02122,2018-09-07,16:16:54,Dinner,TP,"[('Fish&Chips', 10), ('Salmon', 1), ('Pasta', 9), ('Shrimp', 8)]",1070.5,-37.8209323,144.9766693,0,8.727,13.0084771
ORDZ00316,2018-04-25,11:43:05,Breakfast,NS,"[('Coffee', 7), ('Pancake', 2), ('Cereal', 5), ('Eggs', 5)]",316.0,-37.8187329,144.953416,0,9.216,14.2606176
ORDA06952,2018-12-31,20:00:00,Dinner,BK,"[('Salmon', 2), ('Pasta', 4), ('Shrimp', 2), ('Fish&Chips', 5)]",475.0,-37.8048737,145.0036689,0,5.094,12.3472112
ORDJ03843,2018-04-01,10:52:23,Breakfast,TP,"[('Eggs', 4), ('Pancake', 9)]",306.25,-37.8196666,144.9796262,0,8.741,12.8669909
ORDZ03511,2018-05-30,12:54:05,Lunch,NS,"[('Steak', 8), ('Burger', 10), ('Fries', 9), ('Chicken', 7)]",1002.0,-37.8034263,145.0057089,0,9.668,15.0609385
ORDI04909,2018-11-22,18:49:00,Dinner,NS,"[('Salmon', 5), ('Shrimp', 5), ('Pasta', 1), ('Fish&Chips', 7)]",0.0,-37.8113124,144.973178,0,7.442,13.0514585
ORDJ04620,2018-10-31,17:58:18,Dinner,TP,"[('Fish&Chips', 2), ('Salmon', 1), ('Shrimp', 4), ('Pasta', 7)]",519.5,-37.8157135,144.9983034,0,10.637,14.5453345
ORDK07143,2018-06-10,13:14:21,Lunch,BK,"[('Fries', 1), ('Steak', 4), ('Salad', 6), ('Chicken', 8)]",551.2,-37.8159547,144.9575096,0,8.27,16.7537332
ORDX03078,2018-12-06,19:09:17,Dinner,BK,"[('Shrimp', 8), ('Pasta', 9), ('Salmon', 6), ('Fish&Chips', 3)]",1030.5,-37.8125849,145.0155287,0,4.524,11.2826384
ORDK04037,2018-04-20,11:32:57,Breakfast,BK,"[('Cereal', 9), ('Coffee', 1), ('Eggs', 5)]",306.5,-37.8063685,144.9591999,0,7.809,12.5815322
ORDB04249,2018-06-23,13:44:47,Lunch,TP,"[('Chicken', 6), ('Steak', 2), ('Salad', 8), ('Burger', 2), ('Fries', 5)]",541.6,-37.8060521,144.9580733,0,9.101,13.7672387
ORDZ02090,2018-03-15,10:21:58,Breakfast,NS,"[('Cereal', 7), ('Eggs', 10), ('Pancake', 1), ('Coffee', 3)]",413.75,-37.8200225,144.9850984,0,9.143,14.1623015
ORDB06026,2018-06-22,13:44:47,Lunch,TP,"[('Fries', 5), ('Salad', 7)]",0.0,-37.8044873,144.9290548,0,11.319,14.6773086
ORDI04147,2018-01-10,08:10:08,Breakfast,NS,"[('Coffee', 6), ('Eggs', 5)]",155.0,-37.8070369,144.9570793,1,8.151,6.8895342
ORDC01349,2018-03-05,10:01:41,Breakfast,NS,"[('Eggs', 4), ('Pancake', 1), ('Cereal', 4), ('Coffee', 8)]",256.25,-37.8149183,144.9827526,0,8.481,13.3387087
ORDI08184,2018-04-09,11:12:40,Breakfast,NS,"[('Coffee', 1), ('Pancake', 2)]",56.0,-37.8024164,144.9435114,0,8.786,13.850781
ORDK00682,2018-09-21,16:47:19,Dinner,BK,"[('Salmon', 3), ('Pasta', 1)]",0.0,-37.8202785,144.957434,0,8.368,14.9847768
ORDK03999,2018-03-30,10:52:23,Breakfast,BK,"[('Eggs', 8), ('Cereal', 5)]",281.0,-37.8162393,144.9640706,0,7.758,12.4591138
ORDX05172,2018-05-29,12:54:05,Lunch,BK,"[('Chicken', 6), ('Fries', 6), ('Steak', 8), ('Burger', 1)]",655.0,-37.8176003,145.0107683,0,4.115,10.0297041
ORDX00113,2018-07-23,14:45:38,Lunch,BK,"[('Chicken', 9), ('Fries', 3), ('Salad', 8)]",461.6,-37.8144895,144.9721788,0,6.978,12.4851873
ORDZ07743,2018-04-03,11:02:32,Breakfast,NS,"[('Pancake', 8), ('Eggs', 5), ('Cereal', 3), ('Coffee', 7)]",419.5,-37.8095154,144.983081,0,8.102,12.9598072
ORDJ01965,2018-02-17,09:31:16,Breakfast,TP,"[('Cereal', 3), ('Eggs', 1), ('Pancake', 8)]",279.0,-37.8261851,144.9852008,0,9.144,13.6296468
ORDK07142,2018-10-08,17:17:44,Dinner,BK,"[('Shrimp', 6), ('Salmon', 3), ('Pasta', 9), ('Fish&Chips', 3)]",799.5,-37.8156592,144.9581359,0,8.201,14.9922654
ORDY05935,2018-01-14,08:20:16,Breakfast,TP,"[('Pancake', 5), ('Eggs', 10)]",341.25,-37.8025777,144.9456244,1,10.24,6.5693464
ORDY00031,2018-12-13,19:29:34,Dinner,TP,"[('Pasta', 2), ('Shrimp', 4), ('Fish&Chips', 3), ('Salmon', 3)]",499.0,-37.8233007,144.9880114,0,9.347,13.0521757
ORDC02991,2018-04-27,11:43:05,Breakfast,NS,"[('Eggs', 2), ('Cereal', 9)]",233.0,-37.8261938,145.0177163,0,12.223,16.4984858
ORDI06153,2018-03-28,10:52:23,Breakfast,NS,"[('Eggs', 8), ('Cereal', 3), ('Coffee', 4)]",269.0,-37.8021628,144.9835562,0,7.323,12.6018029
ORDY03184,2018-12-02,19:09:17,Dinner,TP,"[('Shrimp', 7), ('Salmon', 10), ('Fish&Chips', 6), ('Pasta', 9)]",1245.5,-37.8154081,144.966467,0,7.976,13.6701187
ORDC06636,2018-04-01,10:52:23,Breakfast,NS,"[('Coffee', 6), ('Pancake', 2), ('Eggs', 2)]",137.5,-37.8019899,145.0010285,0,9.075,16.0661808
ORDC01282,2018-02-14,09:21:07,Breakfast,NS,"[('Pancake', 2), ('Eggs', 5), ('Coffee', 7)]",211.0,-37.8113305,144.9629945,0,7.674,12.6231942
ORDX02045,2018-12-03,19:09:17,Dinner,BK,"[('Shrimp', 2), ('Salmon', 10), ('Pasta', 9), ('Fish&Chips', 6)]",975.5,-37.8162869,144.9634104,0,7.827,14.8328907
ORDZ09849,2018-07-08,14:15:12,Lunch,NS,"[('Chicken', 2), ('Burger', 3), ('Salad', 10)]",329.0,-37.8061413,144.9861693,0,7.967,15.3882226
ORDY02601,2018-06-26,13:44:47,Lunch,TP,"[('Steak', 2), ('Chicken', 3), ('Fries', 6), ('Burger', 9)]",537.0,-37.8221435,144.9567645,0,8.055,11.3145599
ORDX06470,2018-02-05,09:10:59,Breakfast,BK,"[('Pancake', 6), ('Cereal', 3), ('Coffee', 3), ('Eggs', 9)]",429.0,-37.821056,144.9550741,0,8.587,13.3859771
ORDX07980,2018-05-19,12:33:48,Lunch,BK,"[('Steak', 5), ('Burger', 7), ('Fries', 9), ('Chicken', 6)]",742.0,-37.7999252,144.9536474,0,8.659,17.2173588
ORDB05865,2018-05-18,12:33:48,Lunch,TP,"[('Steak', 1), ('Fries', 6), ('Salad', 5), ('Chicken', 6), ('Burger', 3)]",488.0,-37.8025227,145.0050195,0,12.19,15.4894947
ORDY06920,2018-04-02,11:02:32,Breakfast,TP,"[('Coffee', 4), ('Pancake', 4), ('Cereal', 8)]",295.0,-37.8134857,144.9585706,0,8.501,10.7867259
ORDB05312,2018-02-09,09:10:59,Breakfast,TP,"[('Coffee', 8), ('Cereal', 4), ('Pancake', 6), ('Eggs', 10)]",509.5,-37.7999333,144.9587311,0,9.738,12.474044
ORDI00653,2018-12-17,19:39:43,Dinner,NS,"[('Fish&Chips', 5), ('Salmon', 1), ('Shrimp', 7)]",594.0,-37.8065644,144.9516826,0,8.373,14.260756
ORDA00770,2018-06-01,12:54:05,Lunch,BK,"[('Fries', 2), ('Salad', 6), ('Burger', 1)]",158.2,-37.8098909,144.9357328,0,10.13,15.808218
ORDY02566,2018-04-27,11:43:05,Breakfast,TP,"[('Coffee', 8), ('Cereal', 3), ('Pancake', 9)]",341.25,-37.8117045,145.0050444,0,11.413,14.1263403
ORDY04184,2018-02-14,09:21:07,Breakfast,TP,"[('Coffee', 1), ('Cereal', 9), ('Pancake', 4)]",293.5,-37.8034953,144.9629891,0,9.431,11.6297275
ORDY00368,2018-05-10,12:13:31,Lunch,TP,"[('Chicken', 8), ('Steak', 3), ('Salad', 9), ('Fries', 8)]",641.8,-37.8154069,144.9911905,0,10.016,13.1209424
ORDI07680,2018-03-28,10:42:15,Breakfast,NS,"[('Eggs', 10), ('Pancake', 1), ('Coffee', 10)]",319.25,-37.8139783,144.9645885,0,7.974,13.054125
ORDA07040,2018-03-22,10:32:06,Breakfast,BK,"[('Pancake', 6), ('Cereal', 7)]",292.5,-37.8178333,144.9621506,0,7.941,12.9672851
ORDA04987,2018-06-01,12:54:05,Lunch,BK,"[('Steak', 10), ('Burger', 1), ('Fries', 4), ('Chicken', 5), ('Salad', 6)]",792.2,-37.8229804,144.9112362,0,12.755,19.1141358
ORDB07445,2018-04-30,11:53:14,Breakfast,TP,"[('Coffee', 2), ('Pancake', 4)]",112.0,-37.8040613,144.9530848,0,9.638,12.1220497
ORDX08579,2018-09-28,16:57:27,Dinner,BK,"[('Shrimp', 5), ('Fish&Chips', 5)]",445.0,-37.8071101,144.9468352,0,8.979,15.6609344
ORDX09071,2018-07-27,14:45:38,Lunch,BK,"[('Steak', 5), ('Chicken', 1), ('Salad', 5), ('Burger', 2)]",405.0,-37.8015489,144.9629269,0,8.061,14.0096538
ORDY10091,2018-12-28,20:00:00,Dinner,TP,"[('Shrimp', 8), ('Salmon', 3)]",0.0,-37.8119519,144.9711716,0,8.712,12.5842553
ORDK07438,2018-06-23,13:44:47,Lunch,BK,"[('Fries', 8), ('Salad', 9)]",0.0,-37.8075137,144.9879565,0,5.432,13.9326423
ORDB09778,2018-01-30,08:50:42,Breakfast,TP,"[('Eggs', 3), ('Cereal', 1), ('Coffee', 4)]",117.0,-37.7996411,144.9910159,0,11.231,13.493258
ORDK09411,2018-08-25,15:46:28,Lunch,BK,"[('Burger', 1), ('Steak', 9), ('Chicken', 9)]",724.0,-37.8245536,144.9468872,0,9.586,18.2175186
ORDZ05809,2018-09-16,16:37:10,Dinner,NS,"[('Fish&Chips', 6), ('Salmon', 7), ('Pasta', 2), ('Shrimp', 5)]",822.0,-37.8141035,144.9736357,0,7.876,15.938393
ORDB07220,2018-05-30,12:54:05,Lunch,TP,"[('Salad', 10), ('Fries', 8), ('Steak', 2), ('Burger', 7)]",575.0,-37.8243566,144.9523426,0,8.339,11.6225375
ORDJ04285,2018-11-04,18:08:27,Dinner,TP,"[('Fish&Chips', 7), ('Pasta', 3)]",327.5,-37.8108563,144.952658,0,9.077,14.5232952
ORDZ04247,2018-10-07,17:17:44,Dinner,NS,"[('Shrimp', 2), ('Salmon', 7)]",395.0,-37.8073834,144.9941797,0,8.64,16.827585
ORDY01879,2018-10-20,17:38:01,Dinner,TP,"[('Fish&Chips', 8), ('Shrimp', 7), ('Pasta', 7), ('Salmon', 6)]",0.0,-37.8078257,144.9919877,0,10.513,16.0524948
ORDZ09987,2018-01-06,08:10:08,Breakfast,NS,"[('Eggs', 3), ('Pancake', 7), ('Coffee', 4), ('Cereal', 4)]",0.0,-37.8134727,144.9375948,1,10.023,8.7243719
ORDK08217,2018-06-04,13:04:13,Lunch,BK,"[('Fries', 8), ('Burger', 2)]",0.0,-37.8204229,144.9691189,0,7.721,14.0409455
ORDX00338,2018-08-06,15:05:54,Lunch,BK,"[('Chicken', 4), ('Fries', 4), ('Salad', 3)]",227.6,-37.8008878,144.9491954,0,8.89,14.3455644
ORDB09720,2018-11-26,18:49:00,Dinner,TP,"[('Fish&Chips', 9), ('Pasta', 7), ('Salmon', 4), ('Shrimp', 5)]",941.5,-37.8203995,144.9495988,0,8.82,13.1089042
ORDA02934,2018-08-11,15:16:03,Lunch,BK,"[('Fries', 4), ('Chicken', 8)]",304.0,-37.8056364,144.9367091,0,9.908,18.5569635
ORDZ02581,2018-10-17,17:38:01,Dinner,NS,"[('Salmon', 3), ('Fish&Chips', 10)]",473.0,-37.821635,144.9986317,0,10.191,16.3560787
ORDX05240,2018-01-15,08:20:16,Breakfast,BK,"[('Eggs', 9), ('Coffee', 7)]",250.5,-37.8085396,144.999884,1,4.357,4.5787691
ORDI04073,2018-05-12,12:13:31,Lunch,NS,"[('Fries', 9), ('Steak', 1), ('Salad', 4)]",221.8,-37.8006798,144.9577628,0,7.309,15.2909331
ORDI00626,2018-06-23,13:44:47,Lunch,NS,"[('Steak', 8), ('Salad', 1), ('Fries', 9), ('Chicken', 3), ('Burger', 4)]",705.2,-37.8036911,144.9920464,0,8.299,15.5346438
ORDA07937,2018-04-21,11:32:57,Breakfast,BK,"[('Cereal', 4), ('Pancake', 10)]",326.5,-37.8197258,144.9696551,0,7.775,14.4951053
ORDY01959,2018-01-17,08:30:25,Breakfast,TP,"[('Cereal', 6), ('Eggs', 2)]",170.0,-37.8068201,144.9570619,1,9.233,6.4082345
ORDX00285,2018-05-26,12:43:56,Lunch,BK,"[('Burger', 5), ('Fries', 5), ('Chicken', 4), ('Steak', 7), ('Salad', 6)]",761.2,-37.8052497,145.0151727,0,4.336,12.2687357
ORDZ06783,2018-08-29,15:56:37,Lunch,NS,"[('Burger', 6), ('Fries', 8), ('Chicken', 10)]",602.0,-37.8118593,144.9565238,0,8.113,13.1548066
ORDA08217,2018-04-07,11:12:40,Breakfast,BK,"[('Coffee', 7), ('Cereal', 3), ('Eggs', 9)]",313.5,-37.8147977,145.0118159,0,3.842,11.3438393
ORDK04538,2018-09-03,16:06:45,Dinner,BK,"[('Pasta', 8), ('Salmon', 7), ('Shrimp', 8)]",939.0,-37.8132619,144.9385342,0,9.849,16.9065335
ORDB04922,2018-06-10,13:14:21,Lunch,TP,"[('Fries', 4), ('Burger', 7), ('Chicken', 1), ('Steak', 8)]",657.0,-37.8151243,144.9451961,0,9.543,14.7301635
ORDI00737,2018-08-29,15:56:37,Lunch,NS,"[('Steak', 6), ('Salad', 6)]",373.2,-37.810548,144.9609973,0,7.697,13.3753442
ORDC00711,2018-10-02,17:07:36,Dinner,NS,"[('Salmon', 9), ('Pasta', 8), ('Fish&Chips', 3), ('Shrimp', 10)]",1234.0,-37.8233621,144.9417464,0,10.777,16.6588577
ORDJ01884,2018-01-13,08:20:16,Breakfast,TP,"[('Cereal', 4), ('Coffee', 4), ('Pancake', 4)]",0.0,-37.821389,144.9450712,1,9.168,6.912266
ORDB04076,2018-12-19,19:39:43,Dinner,TP,"[('Fish&Chips', 5), ('Salmon', 10), ('Pasta', 8), ('Shrimp', 10)]",1345.0,-37.8052848,144.9400014,0,10.544,14.6283842
ORDC02383,2018-08-26,15:46:28,Lunch,NS,"[('Steak', 5), ('Chicken', 4), ('Burger', 3), ('Salad', 8), ('Fries', 3)]",619.6,-37.8030153,144.9930485,0,8.308,15.9802616
ORDB01360,2018-06-19,13:34:38,Lunch,TP,"[('Salad', 9), ('Steak', 2), ('Fries', 3), ('Chicken', 8)]",536.8,-37.8227393,145.0038593,0,10.836,14.3904331
ORDZ03890,2018-02-13,09:21:07,Breakfast,NS,"[('Pancake', 6), ('Cereal', 10), ('Eggs', 3)]",421.5,-37.8084707,144.9616689,0,7.871,12.5697829
ORDI07721,2018-05-30,12:54:05,Lunch,NS,"[('Steak', 9), ('Burger', 10)]",715.0,-37.8174962,144.9900733,0,9.238,14.7100445
ORDZ04661,2018-12-31,20:00:00,Dinner,NS,"[('Pasta', 10), ('Fish&Chips', 1), ('Salmon', 6), ('Shrimp', 1)]",0.0,-37.8052862,145.0053315,0,9.615,16.028128
ORDI09582,2018-12-24,19:49:51,Dinner,NS,"[('Salmon', 6), ('Shrimp', 3), ('Pasta', 6)]",0.0,-37.8187761,145.0037747,0,10.48,16.0968324
ORDY05104,2018-05-16,12:23:39,Lunch,TP,"[('Burger', 2), ('Fries', 4)]",110.0,-37.7988492,144.9596313,0,9.94,13.3658464
ORDK02054,2018-10-20,17:38:01,Dinner,BK,"[('Pasta', 4), ('Fish&Chips', 8), ('Salmon', 10)]",800.0,-37.8232066,144.9699894,0,7.979,17.6316682
ORDY05721,2018-02-03,09:00:50,Breakfast,TP,"[('Eggs', 2), ('Coffee', 5)]",81.5,-37.8216037,144.961309,0,7.47,11.8541789
ORDA11050,2018-12-04,19:09:17,Dinner,BK,"[('Salmon', 4), ('Fish&Chips', 1), ('Pasta', 3)]",281.5,-37.8064471,144.9325031,0,10.341,17.2737202
ORDX01831,2018-06-29,13:54:55,Lunch,BK,"[('Burger', 2), ('Fries', 9), ('Steak', 5), ('Chicken', 2), ('Salad', 2)]",493.4,-37.8040331,144.9908223,0,5.585,11.6566307
ORDB03613,2018-08-17,15:36:20,Lunch,TP,"[('Steak', 8), ('Salad', 2), ('Fries', 10), ('Chicken', 8), ('Burger', 7)]",987.4,-37.8173782,144.95609,0,8.301,11.7762685
ORDX10233,2018-12-11,19:19:26,Dinner,BK,"[('Fish&Chips', 2), ('Pasta', 10), ('Shrimp', 7), ('Salmon', 8)]",1051.0,-37.8239858,144.9836623,0,6.777,13.2904541
ORDX11031,2018-10-15,17:27:53,Dinner,BK,"[('Fish&Chips', 8), ('Shrimp', 3)]",442.0,-37.8120691,144.9956889,0,4.677,10.8754934
ORDC07504,2018-08-05,15:05:54,Lunch,NS,"[('Steak', 5), ('Chicken', 1)]",257.0,-37.8031375,144.9495303,0,8.28,15.4709192
ORDZ01034,2018-10-24,17:48:10,Dinner,NS,"[('Fish&Chips', 6), ('Salmon', 8), ('Shrimp', 2)]",646.0,-37.7964758,144.9513026,0,7.964,14.1079825
ORDY10774,2018-11-11,18:28:43,Dinner,TP,"[('Salmon', 4), ('Fish&Chips', 2), ('Shrimp', 3)]",396.0,-37.8144007,144.9392639,0,10.26,16.3232466
ORDA04947,2018-03-17,10:21:58,Breakfast,BK,"[('Cereal', 1), ('Pancake', 6), ('Eggs', 4), ('Coffee', 9)]",0.0,-37.8214115,144.9892355,0,6.062,13.0875564
ORDI07658,2018-12-21,19:39:43,Dinner,NS,"[('Salmon', 2), ('Pasta', 9), ('Shrimp', 4)]",545.5,-37.8055068,144.955431,0,7.972,13.8967666
ORDB05694,2018-06-08,13:14:21,Lunch,TP,"[('Steak', 7), ('Chicken', 3), ('Salad', 7)]",531.4,-37.8049012,144.9517174,0,9.678,12.8558162
ORDA08974,2018-05-16,12:23:39,Lunch,BK,"[('Chicken', 1), ('Steak', 3), ('Burger', 5)]",322.0,-37.7991967,145.0050848,0,4.964,10.661232
ORDB10336,2018-12-11,19:19:26,Dinner,TP,"[('Salmon', 5), ('Fish&Chips', 4), ('Shrimp', 6), ('Pasta', 9)]",916.5,-37.8239858,144.9836623,0,8.762,13.1520575
ORDJ05212,2018-03-25,10:42:15,Breakfast,TP,"[('Cereal', 8), ('Eggs', 1), ('Coffee', 7)]",0.0,-37.8199438,145.0144346,0,11.889,15.5814596
ORDA03264,2018-03-12,10:11:49,Breakfast,BK,"[('Coffee', 4), ('Eggs', 1), ('Cereal', 10), ('Pancake', 4)]",359.0,-37.8241457,144.9644798,0,8.408,12.8995363
ORDI04786,2018-08-15,15:26:11,Lunch,NS,"[('Burger', 4), ('Fries', 7)]",208.0,-37.8081851,144.9756244,0,7.292,12.7942083
ORDX09645,2018-09-24,16:47:19,Dinner,BK,"[('Salmon', 3), ('Shrimp', 9), ('Pasta', 9), ('Fish&Chips', 10)]",1206.5,-37.8172122,144.9893246,0,5.686,12.0057384
ORDY00438,2018-06-15,13:24:30,Lunch,TP,"[('Fries', 2), ('Steak', 9)]",429.0,-37.8134999,144.9655868,0,8.205,11.7299053
ORDC02854,2018-03-17,10:21:58,Breakfast,NS,"[('Coffee', 7), ('Eggs', 8), ('Cereal', 1)]",249.5,-37.8080646,144.9717155,0,7.038,13.9386662
ORDZ08747,2018-09-01,16:06:45,Dinner,NS,"[('Salmon', 8), ('Shrimp', 10), ('Pasta', 8), ('Fish&Chips', 3)]",1193.0,-37.814997,144.9601523,0,8.326,16.3696034
ORDB10270,2018-04-15,11:22:49,Breakfast,TP,"[('Cereal', 2), ('Eggs', 1), ('Coffee', 1), ('Pancake', 3)]",144.25,-37.8070286,144.9709445,0,9.359,13.1017608
ORDY09782,2018-09-02,16:06:45,Dinner,TP,"[('Shrimp', 2), ('Fish&Chips', 1), ('Salmon', 1)]",184.0,-37.813047,144.9668505,0,8.331,14.2039905
ORDJ01562,2018-07-17,14:25:21,Lunch,TP,"[('Fries', 10), ('Burger', 1), ('Chicken', 2), ('Steak', 6), ('Salad', 9)]",639.8,-37.7993917,144.9482026,0,10.499,13.5577817
ORDY04548,2018-11-04,18:08:27,Dinner,TP,"[('Shrimp', 10), ('Salmon', 5), ('Fish&Chips', 6), ('Pasta', 1)]",982.5,-37.8027598,145.0039589,0,12.051,17.1692351
ORDA06283,2018-06-03,13:04:13,Lunch,BK,"[('Salad', 4), ('Steak', 6)]",338.8,-37.8164201,144.970951,0,7.087,15.233754
ORDB05744,2018-04-02,11:02:32,Breakfast,TP,"[('Cereal', 4), ('Pancake', 9), ('Eggs', 5), ('Coffee', 7)]",464.75,-37.7990306,144.932532,0,11.538,13.5792834
ORDY04338,2018-07-21,14:35:29,Lunch,TP,"[('Chicken', 2), ('Salad', 5)]",150.0,-37.8122037,144.9745305,0,8.757,13.7029947
ORDC08165,2018-08-01,14:55:46,Lunch,NS,"[('Steak', 10), ('Salad', 5)]",536.0,-37.8033524,144.9499935,0,8.355,13.7639745
ORDY08837,2018-07-12,14:15:12,Lunch,TP,"[('Burger', 7), ('Steak', 6)]",0.0,-37.8079972,144.9687948,0,9.107,12.5971402
ORDJ06348,2018-07-28,14:55:46,Lunch,TP,"[('Chicken', 10), ('Burger', 8), ('Fries', 9)]",676.0,-37.824062,144.9848639,0,8.862,13.9516383
ORDI05347,2018-09-28,16:57:27,Dinner,NS,"[('Salmon', 1), ('Pasta', 7), ('Shrimp', 5)]",503.5,-37.8003501,144.9501888,0,8.077,14.1045111
ORDK03967,2018-02-14,09:21:07,Breakfast,BK,"[('Eggs', 6), ('Pancake', 8), ('Coffee', 1)]",333.5,-37.8158528,144.9634938,0,7.899,12.5894535
ORDX10225,2018-02-19,09:31:16,Breakfast,BK,"[('Pancake', 5), ('Coffee', 5), ('Cereal', 1), ('Eggs', 10)]",399.75,-37.7988696,144.9818786,0,6.808,11.9288766
ORDJ00895,2018-01-13,08:20:16,Breakfast,TP,"[('Cereal', 2), ('Pancake', 10), ('Eggs', 6), ('Coffee', 2)]",431.5,-37.8213503,144.9456057,1,9.121,6.9180352
ORDB09839,2018-09-12,16:27:02,Dinner,TP,"[('Salmon', 10), ('Fish&Chips', 3), ('Shrimp', 1)]",569.0,-37.8222361,144.9677432,0,7.828,11.9610595
ORDI06926,2018-06-05,13:04:13,Lunch,NS,"[('Salad', 1), ('Burger', 4), ('Fries', 1), ('Chicken', 4), ('Steak', 8)]",641.2,-37.8113309,144.9294072,0,10.613,16.1072198
ORDA07531,2018-09-28,16:57:27,Dinner,BK,"[('Fish&Chips', 3), ('Shrimp', 8), ('Pasta', 8), ('Salmon', 6)]",1003.0,-37.8077373,144.9477838,0,8.926,15.6472876
ORDC06314,2018-10-04,17:07:36,Dinner,NS,"[('Fish&Chips', 6), ('Salmon', 7), ('Shrimp', 4)]",713.0,-37.8201043,144.9660391,0,8.833,14.9659493
ORDI06257,2018-06-13,13:24:30,Lunch,NS,"[('Steak', 4), ('Salad', 1), ('Chicken', 5), ('Fries', 8), ('Burger', 5)]",608.2,-37.7992575,144.9895341,0,8.072,13.6582241
ORDI07865,2018-04-01,10:52:23,Breakfast,NS,"[('Eggs', 2), ('Pancake', 5), ('Coffee', 4)]",195.25,-37.8190884,144.9543375,0,9.176,16.4241007
ORDJ00596,2018-05-14,12:23:39,Lunch,TP,"[('Salad', 1), ('Chicken', 5)]",177.2,-37.8208869,144.9551597,0,8.179,11.484852
ORDX02188,2018-03-12,10:11:49,Breakfast,BK,"[('Eggs', 1), ('Cereal', 2)]",64.0,-37.8242871,144.9504988,0,9.271,14.6682984
ORDB04748,2018-01-02,08:00:00,Breakfast,TP,"[('Eggs', 5), ('Pancake', 1), ('Coffee', 7)]",0.0,-37.8271977,144.9939748,1,10.071,6.2742858
ORDA03892,2018-12-20,19:39:43,Dinner,BK,"[('Fish&Chips', 1), ('Pasta', 8)]",255.0,-37.8097809,144.9481965,0,8.947,16.1737495
ORDX01509,2018-08-15,15:26:11,Lunch,BK,"[('Steak', 10), ('Burger', 4), ('Fries', 2), ('Chicken', 2)]",662.0,-37.8081096,144.9768225,0,6.211,12.3471881
ORDZ10350,2018-09-17,16:37:10,Dinner,NS,"[('Fish&Chips', 4), ('Pasta', 1), ('Shrimp', 7)]",545.5,-37.8037739,144.9188476,0,11.347,17.3093478
ORDI10132,2018-08-04,15:05:54,Lunch,NS,"[('Salad', 3), ('Fries', 5)]",111.6,-37.8037592,144.9497722,0,8.366,15.7393269
ORDA06889,2018-09-03,16:06:45,Dinner,BK,"[('Fish&Chips', 8), ('Salmon', 7), ('Pasta', 8), ('Shrimp', 2)]",895.0,-37.8127385,144.9650912,0,7.601,14.5696894
ORDY11091,2018-09-15,16:27:02,Dinner,TP,"[('Salmon', 10), ('Shrimp', 8)]",842.0,-37.8149599,144.9546275,0,8.593,14.3246242
ORDY02116,2018-07-01,13:54:55,Lunch,TP,"[('Burger', 5), ('Steak', 4)]",335.0,-37.8114702,144.9648342,0,8.439,13.8713479
ORDX09987,2018-12-08,19:19:26,Dinner,BK,"[('Fish&Chips', 9), ('Pasta', 6)]",480.0,-37.8242333,144.9537568,0,8.976,18.3756765
ORDB02306,2018-12-08,19:19:26,Dinner,TP,"[('Salmon', 7), ('Pasta', 1)]",314.5,-37.8182464,144.9662828,0,7.704,13.677287
ORDC01002,2018-03-02,09:51:32,Breakfast,NS,"[('Cereal', 10), ('Eggs', 8)]",386.0,-37.8047703,144.9646829,0,6.982,11.8836056
ORDZ04986,2018-11-29,18:59:09,Dinner,NS,"[('Salmon', 2), ('Shrimp', 5), ('Pasta', 8), ('Fish&Chips', 1)]",607.0,-37.8251276,144.924378,0,11.949,17.4014145
ORDJ01992,2018-11-05,18:08:27,Dinner,TP,"[('Pasta', 6), ('Fish&Chips', 8)]",445.0,-37.8191505,144.9822611,0,8.943,12.8837529
ORDK02373,2018-06-10,13:14:21,Lunch,BK,"[('Chicken', 2), ('Salad', 9), ('Burger', 10)]",528.8,-37.8017388,144.9574225,0,8.192,17.2091676
ORDZ02424,2018-01-29,08:50:42,Breakfast,NS,"[('Eggs', 3), ('Coffee', 8), ('Cereal', 8), ('Pancake', 8)]",488.0,-37.8027411,144.9666603,0,6.633,11.659559
ORDX10413,2018-09-13,16:27:02,Dinner,BK,"[('Salmon', 5), ('Fish&Chips', 5), ('Shrimp', 9), ('Pasta', 6)]",1031.0,-37.8009001,144.953532,0,8.581,15.6950534
ORDI01061,2018-05-31,12:54:05,Lunch,NS,"[('Fries', 2), ('Burger', 9), ('Salad', 6), ('Chicken', 10), ('Steak', 10)]",1176.2,-37.8073131,144.959212,0,7.691,12.9682559
ORDK00730,2018-03-18,10:32:06,Breakfast,BK,"[('Coffee', 10), ('Cereal', 4), ('Pancake', 7)]",328.75,-37.8126665,144.9734777,0,6.846,14.0525268
ORDA06113,2018-03-08,10:11:49,Breakfast,BK,"[('Coffee', 2), ('Cereal', 8)]",183.0,-37.8186568,144.9831785,0,6.452,11.4184691
ORDC09995,2018-08-10,15:16:03,Lunch,NS,"[('Chicken', 2), ('Steak', 8), ('Burger', 10)]",734.0,-37.8179439,144.952458,0,10.254,15.6209498
ORDJ01039,2018-04-26,11:43:05,Breakfast,TP,"[('Cereal', 5), ('Coffee', 2)]",0.0,-37.8052062,144.933888,0,10.882,13.2481519
ORDK09908,2018-08-23,15:46:28,Lunch,BK,"[('Salad', 7), ('Steak', 6), ('Burger', 6), ('Chicken', 5), ('Fries', 9)]",844.4,-37.81167,144.9485497,0,8.88,14.7918464
ORDA01332,2018-05-29,12:54:05,Lunch,BK,"[('Chicken', 5), ('Burger', 6), ('Fries', 6), ('Salad', 8), ('Steak', 9)]",960.6,-37.8176835,145.0107519,0,4.124,9.9171387
ORDA04883,2018-12-04,19:09:17,Dinner,BK,"[('Fish&Chips', 4), ('Salmon', 1), ('Shrimp', 5)]",451.0,-37.815717,144.9683262,0,7.356,14.3193302
ORDC07473,2018-07-03,14:05:04,Lunch,NS,"[('Burger', 5), ('Salad', 2), ('Chicken', 5), ('Fries', 4)]",397.4,-37.8095947,144.9636776,0,7.421,13.3019829
ORDB03700,2018-05-25,12:43:56,Lunch,TP,"[('Chicken', 9), ('Burger', 5), ('Salad', 6), ('Fries', 4), ('Steak', 2)]",684.2,-37.8136434,144.9676056,0,8.366,12.468807
ORDX02263,2018-10-23,17:48:10,Dinner,BK,"[('Salmon', 1), ('Fish&Chips', 7)]",286.0,-37.8197057,144.9706935,0,7.874,14.7397086
ORDX00642,2018-05-30,12:54:05,Lunch,BK,"[('Burger', 6), ('Chicken', 1), ('Fries', 9)]",326.0,-37.821883,144.9555575,0,8.66,14.177533
ORDY09385,2018-02-25,09:41:24,Breakfast,TP,"[('Eggs', 3), ('Cereal', 2)]",108.0,-37.8029586,145.0087472,0,12.333,15.9664616
ORDZ09769,2018-07-04,14:05:04,Lunch,NS,"[('Salad', 6), ('Chicken', 6), ('Fries', 7), ('Burger', 10)]",689.2,-37.8118428,144.9452685,0,9.087,14.6041337
ORDJ09129,2018-05-07,12:13:31,Lunch,TP,"[('Fries', 3), ('Steak', 6), ('Burger', 6), ('Chicken', 4), ('Salad', 6)]",723.2,-37.8042683,144.971431,0,9.847,13.362487
ORDK00231,2018-05-09,12:13:31,Lunch,BK,"[('Fries', 1), ('Chicken', 4), ('Salad', 4)]",208.8,-37.802419,144.99178,0,5.597,10.7853701
ORDY06681,2018-12-24,19:49:51,Dinner,TP,"[('Salmon', 10), ('Shrimp', 4)]",626.0,-37.8185006,145.0026771,0,10.861,14.9167107
ORDI00798,2018-01-18,08:30:25,Breakfast,NS,"[('Coffee', 8), ('Cereal', 9)]",249.0,-37.8060043,144.9572258,1,7.838,7.1856532
ORDC08125,2018-05-21,12:33:48,Lunch,NS,"[('Salad', 6), ('Steak', 1), ('Burger', 6), ('Chicken', 5)]",494.2,-37.8174848,144.965281,0,8.435,13.957584
ORDB02267,2018-05-15,12:23:39,Lunch,TP,"[('Salad', 2), ('Fries', 10), ('Chicken', 10), ('Steak', 9), ('Burger', 7)]",1096.4,-37.8241184,144.9534812,0,8.213,12.069471
ORDI10126,2018-01-19,08:30:25,Breakfast,NS,"[('Cereal', 3), ('Coffee', 1), ('Pancake', 8), ('Eggs', 2)]",308.5,-37.805687,144.9539261,0,8.165,12.9328966
ORDA05420,2018-11-18,18:38:52,Dinner,BK,"[('Pasta', 4), ('Shrimp', 10), ('Salmon', 3)]",773.0,-37.8226651,145.0152877,0,4.685,14.4255233
ORDJ03123,2018-05-04,12:03:22,Lunch,TP,"[('Fries', 4), ('Burger', 1), ('Chicken', 10), ('Salad', 1)]",416.2,-37.8072682,144.9487803,0,9.66,13.351383
ORDY02816,2018-05-30,12:54:05,Lunch,TP,"[('Steak', 8), ('Burger', 2)]",422.0,-37.8213016,144.9575809,0,7.974,11.8624407
ORDY00397,2018-11-20,18:38:52,Dinner,TP,"[('Fish&Chips', 3), ('Salmon', 10)]",515.0,-37.8141184,145.009281,0,11.869,16.1799831
ORDJ07189,2018-11-15,18:28:43,Dinner,TP,"[('Fish&Chips', 8), ('Shrimp', 2), ('Salmon', 4), ('Pasta', 2)]",607.0,-37.8083056,144.9786866,0,9.414,13.6116156
ORDB04493,2018-10-11,17:17:44,Dinner,TP,"[('Shrimp', 7), ('Pasta', 5)]",515.5,-37.8119843,144.9533495,0,8.943,12.824349
ORDC03323,2018-04-16,11:22:49,Breakfast,NS,"[('Eggs', 1), ('Pancake', 1)]",46.25,-37.8107537,144.9670868,0,7.404,11.99647
ORDI09065,2018-10-24,17:48:10,Dinner,NS,"[('Pasta', 1), ('Shrimp', 8), ('Fish&Chips', 10), ('Salmon', 1)]",850.5,-37.8052334,144.9714158,0,6.77,12.5932249
ORDY09497,2018-06-13,13:24:30,Lunch,TP,"[('Chicken', 3), ('Steak', 6), ('Salad', 10), ('Fries', 8), ('Burger', 5)]",789.0,-37.81115,144.9729569,0,8.877,12.739213
ORDA03631,2018-03-07,10:01:41,Breakfast,BK,"[('Eggs', 6), ('Coffee', 3)]",154.5,-37.8056615,144.9773552,0,7.132,11.8206788
ORDA09551,2018-11-23,18:49:00,Dinner,BK,"[('Pasta', 7), ('Shrimp', 3), ('Salmon', 8), ('Fish&Chips', 2)]",752.5,-37.8205129,144.9486694,0,9.212,16.1323046
ORDJ06979,2018-10-16,17:27:53,Dinner,TP,"[('Shrimp', 3), ('Fish&Chips', 3), ('Pasta', 9)]",514.5,-37.8186194,144.9920489,0,9.945,13.7558084
ORDA10960,2018-02-01,09:00:50,Breakfast,BK,"[('Pancake', 3), ('Coffee', 10), ('Cereal', 6)]",273.75,-37.8205809,144.9791177,0,7.173,11.9840963
ORDI09281,2018-10-15,17:27:53,Dinner,NS,"[('Pasta', 5), ('Salmon', 5), ('Fish&Chips', 5)]",517.5,-37.8095988,144.9755558,0,7.465,13.5034051
ORDZ08482,2018-05-27,12:43:56,Lunch,NS,"[('Salad', 3), ('Burger', 4)]",175.6,-37.8146496,144.994006,0,9.394,17.3858634
ORDJ03258,2018-10-17,17:38:01,Dinner,TP,"[('Shrimp', 6), ('Salmon', 8), ('Pasta', 10), ('Fish&Chips', 4)]",1067.0,-37.8206832,144.993264,0,9.927,14.357269
ORDZ09465,2018-11-13,18:28:43,Dinner,NS,"[('Pasta', 4), ('Salmon', 2), ('Fish&Chips', 2), ('Shrimp', 5)]",532.0,-37.8058277,144.978943,0,7.426,12.9099151
ORDB05750,2018-05-14,12:23:39,Lunch,TP,"[('Steak', 3), ('Fries', 5), ('Salad', 3), ('Burger', 4), ('Chicken', 2)]",434.6,-37.8053807,144.9433806,0,10.221,13.6614013
ORDA01074,2018-05-17,12:23:39,Lunch,BK,"[('Salad', 5), ('Steak', 2)]",176.0,-37.8116027,144.9647577,0,7.43,13.5228476
ORDK06509,2018-01-26,08:50:42,Breakfast,BK,"[('Eggs', 8), ('Coffee', 10), ('Pancake', 6)]",396.5,-37.8105624,144.9364836,0,10.107,14.9623899
ORDI03652,2018-01-23,08:40:33,Breakfast,NS,"[('Coffee', 8), ('Eggs', 6), ('Pancake', 7)]",361.75,-37.8082105,144.9345625,0,10.211,15.0423634
ORDK09980,2018-11-02,18:08:27,Dinner,BK,"[('Pasta', 9), ('Shrimp', 10)]",0.0,-37.8207402,144.9417076,0,9.86,16.4122752
ORDK08268,2018-02-13,09:21:07,Breakfast,BK,"[('Coffee', 5), ('Cereal', 7), ('Eggs', 8)]",360.5,-37.8113572,144.9760966,0,6.543,11.7640729
ORDZ00444,2018-01-07,08:10:08,Breakfast,NS,"[('Cereal', 2), ('Coffee', 5)]",79.5,-37.8124386,144.9363711,1,10.057,9.0441844
ORDC09348,2018-09-18,16:37:10,Dinner,NS,"[('Fish&Chips', 5), ('Shrimp', 6), ('Pasta', 10)]",774.0,-37.8096183,145.0008213,0,9.484,15.419586
ORDB10293,2018-10-31,17:58:18,Dinner,TP,"[('Shrimp', 6), ('Fish&Chips', 4), ('Salmon', 4), ('Pasta', 8)]",848.0,-37.8119833,144.9614346,0,8.471,13.0791108
ORDX02366,2018-10-02,17:07:36,Dinner,BK,"[('Fish&Chips', 9), ('Pasta', 6)]",480.0,-37.8023828,144.9633268,0,7.822,14.9125756
ORDC05924,2018-11-21,18:49:00,Dinner,NS,"[('Fish&Chips', 7), ('Shrimp', 1), ('Salmon', 6), ('Pasta', 9)]",792.5,-37.8052692,144.9338246,0,10.009,15.9532731
ORDK01290,2018-02-05,09:00:50,Breakfast,BK,"[('Eggs', 3), ('Cereal', 5), ('Pancake', 4)]",268.0,-37.8160136,144.9919545,0,5.41,9.6532133
ORDB08198,2018-01-14,08:20:16,Breakfast,TP,"[('Pancake', 9), ('Eggs', 3), ('Cereal', 5), ('Coffee', 6)]",434.25,-37.818086,144.9486297,1,9.052,6.5033352
ORDI07063,2018-06-08,13:14:21,Lunch,NS,"[('Chicken', 9), ('Steak', 1)]",333.0,-37.8034777,144.9487814,0,8.387,13.5009288
ORDK03741,2018-01-02,08:00:00,Breakfast,BK,"[('Coffee', 1), ('Eggs', 4)]",95.5,-37.819207,144.9463798,1,9.429,7.0716522
ORDZ01346,2018-01-13,08:20:16,Breakfast,NS,"[('Pancake', 9), ('Cereal', 10), ('Coffee', 2), ('Eggs', 3)]",509.25,-37.8198488,144.9683212,1,8.62,7.5916795
ORDJ00826,2018-09-11,16:27:02,Dinner,TP,"[('Salmon', 4), ('Fish&Chips', 3), ('Pasta', 6)]",434.0,-37.8077318,144.9706127,0,9.244,13.3685633
ORDI03799,2018-05-08,12:13:31,Lunch,NS,"[('Salad', 3), ('Fries', 8), ('Steak', 6)]",417.6,-37.8247028,144.9428722,0,10.643,16.1048987
ORDA04540,2018-02-04,09:00:50,Breakfast,BK,"[('Pancake', 2), ('Eggs', 5), ('Coffee', 1), ('Cereal', 1)]",187.0,-37.8173216,144.9914538,0,5.584,12.7293784
ORDB06665,2018-01-14,08:20:16,Breakfast,TP,"[('Pancake', 10), ('Eggs', 2)]",286.5,-37.802897,144.9480927,1,10.028,6.3363283
ORDB07187,2018-07-22,14:35:29,Lunch,TP,"[('Steak', 10), ('Salad', 8), ('Fries', 1)]",599.6,-37.8128849,144.9902645,0,10.058,14.8869104
ORDA09487,2018-12-26,19:49:51,Dinner,BK,"[('Salmon', 6), ('Shrimp', 4), ('Pasta', 2), ('Fish&Chips', 8)]",797.0,-37.804787,144.9574515,0,8.036,14.5896043
ORDX04116,2018-07-30,14:55:46,Lunch,BK,"[('Fries', 8), ('Steak', 2), ('Burger', 5), ('Chicken', 6)]",533.0,-37.8121119,144.9739817,0,6.76,12.9011914
ORDX03170,2018-06-07,13:14:21,Lunch,BK,"[('Steak', 3), ('Burger', 10), ('Chicken', 10), ('Salad', 1)]",782.2,-37.8254058,144.9514798,0,9.286,15.2094343
ORDZ03929,2018-07-16,14:25:21,Lunch,NS,"[('Steak', 1), ('Salad', 8), ('Burger', 8), ('Fries', 2), ('Chicken', 9)]",742.6,-37.8056452,144.9952511,0,8.702,14.2548782
ORDA02156,2018-01-05,08:00:00,Breakfast,BK,"[('Pancake', 5), ('Coffee', 9)]",188.75,-37.812253,144.9386792,1,9.892,7.2637834
ORDX01718,2018-03-19,10:32:06,Breakfast,BK,"[('Eggs', 2), ('Cereal', 1)]",65.0,-37.8172405,144.9673527,0,7.434,11.7485065
ORDY03993,2018-11-02,18:08:27,Dinner,TP,"[('Pasta', 3), ('Salmon', 9)]",451.5,-37.818595,144.969551,0,7.783,11.898838
ORDY07794,2018-06-04,13:04:13,Lunch,TP,"[('Salad', 8), ('Fries', 2), ('Steak', 10)]",611.6,-37.8207167,144.9707771,0,7.811,11.6745391
ORDK04026,2018-11-14,18:28:43,Dinner,BK,"[('Salmon', 1), ('Shrimp', 1), ('Pasta', 9)]",342.5,-37.8001762,144.9617518,0,8.162,14.933407
ORDZ04881,2018-05-09,12:13:31,Lunch,NS,"[('Fries', 7), ('Salad', 10), ('Steak', 4)]",436.0,-37.8025023,144.9923117,0,8.177,13.4870273
ORDY03633,2018-02-21,09:41:24,Breakfast,TP,"[('Eggs', 9), ('Pancake', 10), ('Coffee', 6)]",485.5,-37.8046681,144.9352186,0,10.857,13.2384186
ORDC00427,2018-01-05,08:00:00,Breakfast,NS,"[('Coffee', 4), ('Pancake', 4), ('Eggs', 5)]",237.0,-37.8118639,144.938485,1,9.755,7.5227956
ORDI07940,2018-04-03,11:02:32,Breakfast,NS,"[('Pancake', 6), ('Coffee', 10), ('Eggs', 7), ('Cereal', 8)]",542.5,-37.8101959,144.9822571,0,8.019,12.374031
ORDJ10812,2018-05-08,12:13:31,Lunch,TP,"[('Chicken', 3), ('Fries', 1), ('Burger', 1), ('Salad', 10), ('Steak', 8)]",671.0,-37.8038792,144.9573927,0,9.334,12.2596473
ORDJ04956,2018-06-14,13:24:30,Lunch,TP,"[('Burger', 9), ('Salad', 8)]",416.6,-37.8095146,144.963777,0,8.662,12.2230241
ORDA05202,2018-01-02,08:00:00,Breakfast,BK,"[('Coffee', 2), ('Pancake', 6), ('Eggs', 1)]",182.5,-37.8121658,144.942053,1,9.505,7.4384428
ORDJ04093,2018-06-09,13:14:21,Lunch,TP,"[('Chicken', 6), ('Fries', 8), ('Steak', 1)]",333.0,-37.8024563,145.0096551,0,12.427,16.7139088
ORDA00668,2018-12-06,19:09:17,Dinner,BK,"[('Fish&Chips', 4), ('Shrimp', 6), ('Salmon', 6)]",0.0,-37.8134016,145.0152525,0,4.619,11.8426048
ORDI09708,2018-08-14,15:26:11,Lunch,NS,"[('Salad', 1), ('Steak', 3), ('Chicken', 4), ('Fries', 5)]",340.2,-37.8013431,144.952839,0,7.78,13.295572
ORDJ02488,2018-07-28,14:55:46,Lunch,TP,"[('Fries', 10), ('Burger', 2), ('Steak', 5), ('Chicken', 3)]",503.0,-37.8119746,144.9594259,0,8.576,13.4392545
ORDZ04013,2018-05-22,12:33:48,Lunch,NS,"[('Salad', 6), ('Steak', 8), ('Burger', 4)]",587.2,-37.8202951,144.9791952,0,8.697,14.3165767
ORDY09116,2018-12-28,20:00:00,Dinner,TP,"[('Fish&Chips', 10), ('Salmon', 9)]",0.0,-37.7974934,145.0087199,0,12.908,16.6185841
ORDK10269,2018-09-25,16:47:19,Dinner,BK,"[('Fish&Chips', 5), ('Salmon', 4), ('Shrimp', 5), ('Pasta', 6)]",774.0,-37.8330514,144.9908231,0,7.97,15.2299564
ORDI02817,2018-02-08,09:10:59,Breakfast,NS,"[('Coffee', 2), ('Cereal', 3), ('Eggs', 6), ('Pancake', 1)]",234.25,-37.8151363,144.9471952,0,9.081,13.7409149
ORDC05798,2018-09-15,16:27:02,Dinner,NS,"[('Shrimp', 5), ('Salmon', 1), ('Pasta', 2)]",366.0,-37.8149101,144.958935,0,5.72,13.944377
ORDB00072,2018-12-16,19:29:34,Dinner,TP,"[('Salmon', 6), ('Fish&Chips', 4), ('Shrimp', 2), ('Pasta', 6)]",659.0,-37.8003359,144.9749034,0,10.137,16.0395122
ORDA01880,2018-10-14,17:27:53,Dinner,BK,"[('Pasta', 9), ('Shrimp', 10), ('Salmon', 5), ('Fish&Chips', 1)]",1027.5,-37.8193695,144.9618249,0,8.003,17.063563
ORDI05146,2018-07-29,14:55:46,Lunch,NS,"[('Fries', 7), ('Steak', 3), ('Chicken', 3), ('Salad', 8)]",452.6,-37.8150746,144.9451143,0,9.177,16.5779968
ORDJ09922,2018-10-03,17:07:36,Dinner,TP,"[('Fish&Chips', 10), ('Pasta', 6)]",515.0,-37.8080675,144.9578502,0,9.04,12.9323583
ORDK06734,2018-07-03,14:05:04,Lunch,BK,"[('Steak', 9), ('Burger', 8), ('Salad', 10), ('Fries', 4), ('Chicken', 10)]",1193.0,-37.8196813,144.9810997,0,6.595,12.7292335
ORDK00086,2018-08-10,15:16:03,Lunch,BK,"[('Chicken', 3), ('Burger', 4), ('Steak', 8), ('Fries', 1), ('Salad', 7)]",712.4,-37.8261311,144.9606978,0,8.923,14.5668052
ORDZ10098,2018-07-27,14:45:38,Lunch,NS,"[('Fries', 3), ('Burger', 2)]",98.0,-37.8015489,144.9629269,0,6.963,12.8697209
ORDK03036,2018-02-01,09:00:50,Breakfast,BK,"[('Pancake', 4), ('Cereal', 8), ('Coffee', 6)]",310.0,-37.8253215,144.9888352,0,6.48,10.8347991
ORDY08685,2018-10-07,17:17:44,Dinner,TP,"[('Shrimp', 7), ('Salmon', 4)]",542.0,-37.8086109,144.955484,0,9.018,14.8313322
ORDI02055,2018-08-26,15:46:28,Lunch,NS,"[('Chicken', 2), ('Burger', 6), ('Steak', 1)]",0.0,-37.8130127,144.9389462,0,10.272,17.9557733
ORDY06572,2018-07-03,14:05:04,Lunch,TP,"[('Salad', 3), ('Fries', 9), ('Burger', 3), ('Chicken', 4)]",380.6,-37.8095522,144.9645624,0,8.664,12.1636991
ORDJ01188,2018-10-29,17:58:18,Dinner,TP,"[('Shrimp', 1), ('Salmon', 8)]",382.0,-37.8143539,145.0061393,0,11.542,15.060152
ORDA05780,2018-03-31,10:52:23,Breakfast,BK,"[('Pancake', 7), ('Eggs', 2)]",213.75,-37.8121452,144.9628902,0,7.609,14.8545639
ORDB05042,2018-07-25,14:45:38,Lunch,TP,"[('Steak', 1), ('Burger', 2)]",107.0,-37.8117624,144.9565065,0,8.644,12.0505288
ORDZ01864,2018-04-29,11:53:14,Breakfast,NS,"[('Coffee', 8), ('Eggs', 3), ('Pancake', 7)]",295.75,-37.814368,144.9774963,0,8.043,15.1492243
ORDC09484,2018-10-31,17:58:18,Dinner,NS,"[('Fish&Chips', 9), ('Pasta', 8)]",535.0,-37.8207411,144.9622671,0,8.976,15.2630792
ORDB03418,2018-02-27,09:51:32,Breakfast,TP,"[('Eggs', 9), ('Pancake', 10)]",440.5,-37.8017179,144.917208,0,12.482,14.7903563
ORDB03403,2018-09-20,16:37:10,Dinner,TP,"[('Pasta', 3), ('Salmon', 7), ('Fish&Chips', 7)]",614.5,-37.8248137,145.0148278,0,11.741,15.2434469
ORDA04313,2018-01-20,08:30:25,Breakfast,BK,"[('Cereal', 1), ('Coffee', 8), ('Pancake', 4), ('Eggs', 10)]",398.0,-37.8145205,144.9465383,0,9.016,16.3165439
ORDY01887,2018-06-22,13:34:38,Lunch,TP,"[('Burger', 3), ('Steak', 2), ('Fries', 3)]",219.0,-37.8122832,144.9624112,0,8.241,11.8228146
ORDJ10814,2018-04-29,11:53:14,Breakfast,TP,"[('Pancake', 8), ('Eggs', 4), ('Cereal', 8)]",450.0,-37.8030196,144.9771519,0,9.852,13.9722835
ORDI07890,2018-10-11,17:17:44,Dinner,NS,"[('Fish&Chips', 9), ('Shrimp', 9), ('Salmon', 4)]",965.0,-37.8120614,144.9531453,0,8.455,14.6925678
ORDX00281,2018-01-14,08:20:16,Breakfast,BK,"[('Coffee', 10), ('Eggs', 7), ('Pancake', 1), ('Cereal', 2)]",295.25,-37.8067051,144.9627941,1,7.446,7.1241876
ORDA11054,2018-11-13,18:28:43,Dinner,BK,"[('Pasta', 6), ('Fish&Chips', 8)]",445.0,-37.7987169,144.9673523,0,7.926,14.7786632
ORDY05912,2018-09-21,16:37:10,Dinner,TP,"[('Pasta', 10), ('Salmon', 4), ('Shrimp', 4)]",655.0,-37.8196958,144.9468973,0,9.144,12.7827187
ORDZ00362,2018-07-06,14:05:04,Lunch,NS,"[('Chicken', 6), ('Burger', 1), ('Steak', 7), ('Salad', 1)]",555.2,-37.8133524,144.938444,0,10.228,16.1267853
ORDC01295,2018-07-24,14:45:38,Lunch,NS,"[('Fries', 2), ('Burger', 9), ('Salad', 4), ('Chicken', 3)]",467.8,-37.8122845,144.9232182,0,10.632,16.3297128
ORDX08915,2018-08-02,15:05:54,Lunch,BK,"[('Fries', 9), ('Salad', 10)]",280.0,-37.8000506,144.980491,0,6.764,12.4240631
ORDK09704,2018-08-30,15:56:37,Lunch,BK,"[('Steak', 9), ('Burger', 6), ('Fries', 7)]",675.0,-37.8181701,144.9503585,0,8.97,15.0468384
ORDZ03649,2018-09-03,16:06:45,Dinner,NS,"[('Shrimp', 1), ('Pasta', 5)]",191.5,-37.8115397,144.9720273,0,7.496,13.9395079
ORDX10577,2018-12-30,20:00:00,Dinner,BK,"[('Shrimp', 9), ('Fish&Chips', 9), ('Pasta', 3), ('Salmon', 8)]",0.0,-37.8204853,144.9496384,0,9.124,18.427302
ORDC03127,2018-06-13,13:24:30,Lunch,NS,"[('Burger', 3), ('Chicken', 6)]",285.0,-37.8282162,144.9839717,0,9.911,15.4460052
ORDI03958,2018-03-12,10:11:49,Breakfast,NS,"[('Cereal', 10), ('Eggs', 9), ('Pancake', 5), ('Coffee', 4)]",559.25,-37.8144826,144.9998993,0,9.885,14.8092221
ORDI09452,2018-05-23,12:43:56,Lunch,NS,"[('Chicken', 9), ('Fries', 1), ('Steak', 6), ('Salad', 6)]",673.2,-37.8146853,144.9839096,0,8.586,14.0104672
ORDJ06572,2018-03-15,10:21:58,Breakfast,TP,"[('Coffee', 8), ('Pancake', 7)]",229.75,-37.8043337,145.0090833,0,12.291,14.2061014
ORDC01322,2018-07-28,14:55:46,Lunch,NS,"[('Burger', 3), ('Fries', 7), ('Chicken', 5), ('Steak', 3)]",472.0,-37.8227734,144.983928,0,9.376,16.6876504
ORDK09403,2018-05-08,12:13:31,Lunch,BK,"[('Fries', 1), ('Steak', 10), ('Salad', 6)]",565.2,-37.8051249,144.9614898,0,9.567,15.6927789
ORDI07227,2018-10-06,17:07:36,Dinner,NS,"[('Pasta', 6), ('Fish&Chips', 5), ('Shrimp', 10), ('Salmon', 8)]",1208.0,-37.8232916,144.9786925,0,8.916,16.9772256
ORDA05849,2018-07-27,14:45:38,Lunch,BK,"[('Steak', 6), ('Salad', 4)]",338.8,-37.8000945,144.9808891,0,6.728,12.4959678
ORDC00768,2018-02-26,09:51:32,Breakfast,NS,"[('Pancake', 7), ('Eggs', 9), ('Cereal', 8)]",535.75,-37.8104434,144.9768337,0,7.723,12.9502053
ORDY05179,2018-06-07,13:14:21,Lunch,TP,"[('Salad', 9), ('Steak', 3), ('Burger', 2), ('Fries', 9), ('Chicken', 10)]",779.8,-37.8253478,144.9585279,0,8.222,12.2192866
ORDY10923,2018-07-20,14:35:29,Lunch,TP,"[('Chicken', 2), ('Salad', 1), ('Steak', 2)]",171.2,-37.82237,144.9552121,0,8.235,11.7687373
ORDA08501,2018-02-18,09:31:16,Breakfast,BK,"[('Coffee', 8), ('Pancake', 1), ('Eggs', 8), ('Cereal', 8)]",428.25,-37.80741,145.0105353,0,3.724,10.7378162
ORDJ01740,2018-07-30,14:55:46,Lunch,TP,"[('Salad', 6), ('Fries', 4), ('Steak', 9), ('Chicken', 7)]",780.2,-37.8046614,144.9927895,0,10.902,14.1322662
ORDY08232,2018-07-20,14:35:29,Lunch,TP,"[('Chicken', 10), ('Fries', 7), ('Burger', 10), ('Steak', 7), ('Salad', 2)]",1063.4,-37.8185281,144.9540247,0,8.458,11.5335811
ORDY01957,2018-12-11,19:19:26,Dinner,TP,"[('Pasta', 6), ('Shrimp', 8), ('Fish&Chips', 4), ('Salmon', 5)]",942.0,-37.8051475,144.9714312,0,9.53,13.2309373
ORDX09551,2018-03-15,10:21:58,Breakfast,BK,"[('Pancake', 5), ('Coffee', 5), ('Cereal', 3)]",221.75,-37.8196791,144.9816751,0,6.62,11.8558291
ORDI00951,2018-10-02,17:07:36,Dinner,NS,"[('Salmon', 9), ('Pasta', 2), ('Shrimp', 6), ('Fish&Chips', 3)]",853.0,-37.8038482,144.9614349,0,7.208,13.3057567
ORDJ10891,2018-11-28,18:59:09,Dinner,TP,"[('Salmon', 7), ('Pasta', 3), ('Fish&Chips', 5)]",544.5,-37.8098557,144.9726327,0,9.137,13.4358679
ORDK04287,2018-05-09,12:13:31,Lunch,BK,"[('Salad', 7), ('Steak', 5)]",345.4,-37.8165714,144.9866961,0,5.892,11.9758628
ORDA10921,2018-04-06,11:02:32,Breakfast,BK,"[('Coffee', 3), ('Pancake', 2), ('Cereal', 2), ('Eggs', 6)]",245.0,-37.8240109,144.9830631,0,6.841,11.9837467
ORDC05177,2018-01-11,08:20:16,Breakfast,NS,"[('Cereal', 9), ('Eggs', 9), ('Coffee', 6), ('Pancake', 3)]",504.75,-37.8160072,144.9824451,1,8.528,6.8696983
ORDY07721,2018-11-08,18:18:35,Dinner,TP,"[('Shrimp', 1), ('Fish&Chips', 8), ('Pasta', 9), ('Salmon', 6)]",827.5,-37.8155755,144.9663185,0,7.964,12.384052
ORDJ09665,2018-03-12,10:11:49,Breakfast,TP,"[('Pancake', 1), ('Eggs', 7), ('Coffee', 2), ('Cereal', 1)]",214.25,-37.8163696,144.9852465,0,9.362,11.6883342
ORDY09169,2018-12-05,19:09:17,Dinner,TP,"[('Salmon', 6), ('Pasta', 8), ('Fish&Chips', 9)]",781.0,-37.814424,145.0149411,0,13.013,16.1745168
ORDX08901,2018-03-26,10:42:15,Breakfast,BK,"[('Pancake', 2), ('Cereal', 1), ('Eggs', 3)]",135.5,-37.8089395,144.9729125,0,6.626,11.6003184
ORDZ07534,2018-02-08,09:10:59,Breakfast,NS,"[('Cereal', 4), ('Eggs', 2), ('Coffee', 7), ('Pancake', 8)]",374.5,-37.8130453,144.9856635,0,8.564,13.2375902
ORDY00554,2018-10-19,17:38:01,Dinner,TP,"[('Salmon', 8), ('Pasta', 8)]",548.0,-37.8187135,144.9670491,0,7.561,11.5262212
ORDB04567,2018-07-12,14:25:21,Lunch,TP,"[('Chicken', 6), ('Fries', 6), ('Burger', 5), ('Salad', 8)]",556.6,-37.8174439,145.0048331,0,11.176,14.0635407
ORDJ03536,2018-04-16,11:22:49,Breakfast,TP,"[('Eggs', 7), [], ('Cereal', 2)]",317.25,-37.8092897,144.972042,0,9.104,12.0791721
ORDI04167,2018-05-03,12:03:22,Lunch,NS,"[('Steak', 1), ('Salad', 3), ('Chicken', 10), ('Burger', 7)]",633.6,-37.8112434,144.9636954,0,7.788,13.4282996
ORDI07419,2018-07-20,14:35:29,Lunch,NS,"[('Chicken', 6), ('Steak', 7), ('Fries', 4)]",555.0,-37.822463,144.9544537,0,9.664,15.1818813
ORDA01168,2018-10-20,17:38:01,Dinner,TP,"[('Shrimp', 3), ('Fish&Chips', 10), ('Pasta', 1)]",539.5,-37.8232907,144.9699533,1,7.976,17.8943886
ORDX00043,2018-04-01,10:52:23,Breakfast,BK,"[('Coffee', 1), ('Cereal', 6)]",133.5,-37.8226117,144.9848055,0,6.691,13.6877605
ORDK04120,2018-08-30,15:56:37,Lunch,BK,"[('Fries', 10), ('Chicken', 3), ('Salad', 8), ('Burger', 5)]",508.6,-37.8104922,144.9432276,0,10.782,17.0176818
ORDX10741,2018-09-04,16:06:45,Dinner,BK,"[('Fish&Chips', 3), ('Shrimp', 9), ('Salmon', 5), ('Pasta', 2)]",851.0,-37.8015095,144.9563553,0,8.386,15.4839545
